INSERT INTO Category(category_id, name) VALUES
('CAT01', 'Smartphones'),
('CAT02', 'Tablets'),
('CAT03', 'Laptops'),
('CAT04', 'Audio'),
('CAT05', 'Watches'),
('CAT06', 'Cameras'),
('CAT07', 'Home Appliances'),
('CAT08', 'Accessories'),
('CAT09', 'PCs & Monitors'),
('CAT10', 'Major Appliances');

INSERT INTO Customer(customer_id, name, phone, address, email) VALUES
('C001', 'Hoang Quynh Anh', '0857230805', 'Mo Lao', 'hoangquynhanh.nhom6@gmail.com'),
('C002', 'Nguyen Thi Huong Giang', '0338474935', 'Phung Khoang', 'nguyenthihuonggiang.nhom6@gmail.com'),
('C003', 'Bui Thanh Xuan', '0583292012', 'Dich Vong Hau', 'buithanhxuan.nhom6@gmail.com'),
('C004', 'Dao Thu Trang', '0822843689', 'My Dinh', 'daothutrang.nhom6@gmail.com'),
('C005', 'Thai Nguyen Ngoc Anh', '0944393161', 'Lang Ha', 'thainguyenngocanh.nhom6@gmail.com'),
('C006', 'Do Minh Phuong', '0354073053', 'Trung Hoa', 'dominphuong.nhom6@gmail.com'),
('C007', 'Doan Thu Trang', '0348468012', 'Dich Vong', 'doanthutrang.nhom6@gmail.com'),
('C008', 'Pham Phuong Anh', '0965173809', 'Kim Lien', 'phamphuonganh.nhom6@gmail.com'),
('C009', 'Nguyen Thi Bao Tram', '0989277250', 'Quan Hoa', 'nguyenthibaotram.nhom6@gmail.com'),
('C010', 'Hoang Manh Hung', '0839228201', 'Van Quan', 'hoangmanhhung.nhom6@gmail.com'),
('C011', 'Dinh Ngoc Yen Nhi', '0393186501', 'Mo Lao', 'dinhngocyennhi.nhom6@gmail.com'),
('C012', 'Nguyen Khanh Tung', '0386900981', 'Trung Van', 'nguyenkhanhtung.nhom6@gmail.com'),
('C013', 'Hoang Tran Hai Bang', '0823602334', 'Lang Thuong', 'hoangtranhaibang.nhom6@gmail.com'),
('C014', 'Hoang Thu Trang', '0365907672', 'Khuong Mai', 'hoangthutrang.nhom6@gmail.com'),
('C015', 'Vu Hong Phuc', '0947600433', 'Thanh Xuan Bac', 'vuhongphuc.nhom6@gmail.com'),
('C016', 'Nhu Thi Thuy Duong', '0986872645', 'Trung Tu', 'nhuthithuyduong.nhom6@gmail.com'),
('C017', 'Pham Thi Quynh', '0975538225', 'Nghia Tan', 'phamthiquynh.nhom6@gmail.com'),
('C018', 'Hoang Ba Tin', '0936006633', 'Dai Kim', 'hoangbatim.nhom6@gmail.com'),
('C019', 'Nguyen Thi Huong Mui', '0862249150', 'Kim Giang', 'nguyenthihuongmui.nhom6@gmail.com'),
('C020', 'Pham Thi Lan Phuong', '0936006640', 'Mo Lao', 'phamthilanphuong.nhom6@gmail.com'),
('C021', 'Nguyen Dieu Thuy', '0981390979', 'Nghia Do', 'nguyendieuthuy.nhom6@gmail.com'),
('C022', 'Phung Thi Thuy Duy', '0976041294', 'Van Quan', 'phungthithuyduy.nhom6@gmail.com'),
('C023', 'Nguyen Thu Phuong', '0866732412', 'Mai Dich', 'nguyenthuphuong.nhom6@gmail.com'),
('C024', 'Nguyen Thanh Vi', '0389168535', 'Lang Ha', 'nguyenthanhvi.nhom6@gmail.com'),
('C025', 'Nguyen Bao Anh', '0886382255', 'Trung Kinh', 'nguyenbaoanh.nhom6@gmail.com'),
('C026', 'Nguyen My Diep', '0948476239', 'Thanh Xuan Trung', 'nguyenmydiep.nhom6@gmail.com'),
('C027', 'Hoang Nguyen Thanh Hoai', '0944993072', 'Kim Lien', 'hoangnguyenthanhhoai.nhom6@gmail.com'),
('C028', 'Vy Quang Trung', '0869391381', 'My Dinh', 'vyquangtrung.nhom6@gmail.com'),
('C029', 'Pham Khanh Mai', '0869839719', 'Lang Ha', 'phamkhanhmai.nhom6@gmail.com'),
('C030', 'Nguyen Quang Nghia', '0838857831', 'Mo Lao', 'nguyenquangnghia.nhom6@gmail.com'),
('C031', 'Hoang Quynh Huong', '0931502408', 'Trung Hoa', 'hoangquynhhuong.nhom6@gmail.com'),
('C032', 'Tu Thi Diem Kieu', '0358045391', 'Khuong Dinh', 'tuthidiemkieu.nhom6@gmail.com'),
('C033', 'Nguyen Minh Thu', '0911566683', 'Thanh Xuan Bac', 'nguyenminhthu.nhom6@gmail.com'),
('C034', 'To Phuong Trinh', '0353596107', 'Dai Kim', 'tophuongtrinh.nhom6@gmail.com'),
('C035', 'Dang San San', '0886762710', 'Kim Giang', 'dangsansan.nhom6@gmail.com'),
('C036', 'Ngo Ngoc Hai', '0934557707', 'Mo Lao', 'ngongochai.nhom6@gmail.com'),
('C037', 'Pham Quoc Huy', '0865753019', 'Trung Van', 'phamquochuy.nhom6@gmail.com'),
('C038', 'Nguyen Nguyen Minh', '0852421003', 'Lang Thuong', 'nguyennguyenminh.nhom6@gmail.com'),
('C039', 'Nguyen Thai Mai Anh', '0368256752', 'Trung Tu', 'nguyenthaimaianh.nhom6@gmail.com'),
('C040', 'Le Ngoc Khanh', '0330339998', 'Dich Vong Hau', 'lengockhanh.nhom6@gmail.com'),
('C041', 'Bui Tien Dat', '0582908359', 'Kim Giang', 'buitiendat.nhom6@gmail.com'),
('C042', 'Nguyen Thi Le Hang', '0971090521', 'Mo Lao', 'nguyenthilehang.nhom6@gmail.com'),
('C043', 'Nguyen Ngoc Doan Trang', '0979595696', 'Lang Ha', 'nguyenngocdoantrang.nhom6@gmail.com'),
('C044', 'Nguyen Duc Khoi', '0838688606', 'Trung Hoa', 'nguyenduckhoi.nhom6@gmail.com'),
('C045', 'Nguyen Van Viet', '0987066288', 'Thanh Xuan Trung', 'nguyenvanviet.nhom6@gmail.com'),
('C046', 'Mai Hoang Yen', '0386890169', 'Trung Kinh', 'maihoangyen.nhom6@gmail.com'),
('C047', 'Le Thi Thuy Linh', '0947763705', 'Khuong Mai', 'lethithuylinh.nhom6@gmail.com'),
('C048', 'Nguyen Dac Bac', '0373238344', 'Dai Kim', 'nguyendacbac.nhom6@gmail.com'),
('C049', 'Khuong Thi Thuy Dung', '0965829432', 'Kim Giang', 'khuongthithuydung.nhom6@gmail.com'),
('C050', 'Phung Phuong Anh', '0358691140', 'My Dinh', 'phungphuonganh.nhom6@gmail.com'),
('C051', 'Nguyen Thi Le', '0916710689', 'Lang Ha', 'nguyenthile.nhom6@gmail.com'),
('C052', 'Bui Thu An', '0965173808', 'Trung Hoa', 'buithuan.nhom6@gmail.com'),
('C053', 'Tran Hai Quynh Duong', '0912681202', 'Kim Lien', 'tranhaiquynhduong.nhom6@gmail.com'),
('C054', 'Tran Thi Huong Giang', '0971397228', 'Trung Tu', 'tranthihuonggiang.nhom6@gmail.com'),
('C055', 'Tran Thu Thao', '0868481296', 'Lang Thuong', 'tranthuthao.nhom6@gmail.com'),
('C056', 'Nguyen Thao Hien', '0388283039', 'Trung Kinh', 'nguyenthaohien.nhom6@gmail.com'),
('C057', 'Nguyen Thi Minh Anh', '0838623746', 'Thanh Xuan Trung', 'nguyenthiminhanh.nhom6@gmail.com'),
('C058', 'Nguyen Le Quyen', '0866732415', 'Dich Vong', 'nguyenlequyen.nhom6@gmail.com'),
('C059', 'Khong Thuy Vy', '0338091604', 'Trung Van', 'khongthuyvy.nhom6@gmail.com'),
('C060', 'Tran Huu Quan', '0961251206', 'Khuong Dinh', 'tranhuuquan.nhom6@gmail.com'),
('C061', 'Hoang Yen Chi', '0358583520', 'Lang Ha', 'hoangyenchi.nhom6@gmail.com'),
('C062', 'Ha Thi Lieu', '0825313896', 'Trung Hoa', 'hathilieu.nhom6@gmail.com'),
('C063', 'Nguyen Phuong Thao', '0396678728', 'Mo Lao', 'nguyenphuongthao.nhom6@gmail.com'),
('C064', 'Dau Thanh Nhan', '0961040119', 'Trung Tu', 'dauthanhnan.nhom6@gmail.com'),
('C065', 'Vo Phuong Nhi', '0987882405', 'Dai Kim', 'vophuongnhi.nhom6@gmail.com'),
('C066', 'Tran Minh Anh', '0389656903', 'Trung Van', 'tranminhanh.nhom6@gmail.com'),
('C067', 'Nguyen Le Viet Anh', '0976652836', 'Lang Thuong', 'nguyenlevietanh.nhom6@gmail.com'),
('C068', 'Le Thi Quynh Anh', '0963258133', 'Thanh Xuan Bac', 'lethiquynhanh.nhom6@gmail.com'),
('C069', 'Nguyen Hai Duong', '0938843528', 'Khuong Dinh', 'nguyenhaidương.nhom6@gmail.com'),
('C070', 'Luong Sy Tai', '0978421572', 'Trung Hoa', 'luongsytai.nhom6@gmail.com'),
('C071', 'Vuong Thi Tung Chi', '0916698742', 'My Dinh', 'vuongthitungchi.nhom6@gmail.com'),
('C072', 'Duong Gia Huy', '0393247655', 'Trung Kinh', 'duonggiahuy.nhom6@gmail.com'),
('C073', 'Nguyen Ho Anh Thu', '0388690869', 'Lang Ha', 'nguyenhoanhthu.nhom6@gmail.com'),
('C074', 'Le Thi Thu Ha', '0936836985', 'Kim Giang', 'lethithuha.nhom6@gmail.com'),
('C075', 'Nguyen Thi Lan Huong', '0358691141', 'Mo Lao', 'nguyenthilanhuong.nhom6@gmail.com'),
('C076', 'Trieu Thi Khanh Hoa', '0916710685', 'Trung Hoa', 'trieuthikhanhhoa.nhom6@gmail.com'),
('C077', 'Nguyen Hai Linh', '0386890168', 'Trung Kinh', 'nguyenhailinh.nhom6@gmail.com'),
('C078', 'Nguyen An Quyen', '0947763702', 'Lang Thuong', 'nguyenanquyen.nhom6@gmail.com'),
('C079', 'Ngo Thi Hoan', '0373238341', 'Dai Kim', 'ngothihoan.nhom6@gmail.com'),
('C080', 'Le Thi Trang', '0965829431', 'Trung Van', 'lethitrang.nhom6@gmail.com'),
('C081', 'Le Minh Thien', '0358691137', 'My Dinh', 'leminhthien.nhom6@gmail.com'),
('C082', 'Tran Van Viet', '0916710687', 'Khuong Mai', 'tranvanviet.nhom6@gmail.com'),
('C083', 'Do Thi Phuong Anh', '0386890172', 'Trung Hoa', 'dothiphuonganh.nhom6@gmail.com'),
('C084', 'Hoang Thi Lien', '0947763703', 'Lang Ha', 'hoangthilien.nhom6@gmail.com'),
('C085', 'Nguyen Thi Ngoc Ha', '0373238343', 'Trung Tu', 'nguyenthingocha.nhom6@gmail.com'),
('C086', 'Nguyen Van Ma', '0965829435', 'Mo Lao', 'nguyenvanma.nhom6@gmail.com'),
('C087', 'Le Thanh Cong', '0358691144', 'Dich Vong', 'lethanhcong.nhom6@gmail.com'),
('C088', 'Le Tran Bao Chan', '0916710683', 'Trung Van', 'letranbaochan.nhom6@gmail.com'),
('C089', 'Truong Thi Hong Giang', '0386890171', 'My Dinh', 'truongthihonggiang.nhom6@gmail.com'),
('C090', 'Vu Khanh Huyen', '0947763709', 'Lang Ha', 'vukhanhhuyen.nhom6@gmail.com'),
('C091', 'Nguyen Thi Dieu Linh', '0373238342', 'Trung Hoa', 'nguyenthidieulinh.nhom6@gmail.com'),
('C092', 'Nguyen Thi Thu Huyen', '0965829430', 'Trung Tu', 'nguyenthithuhuyen.nhom6@gmail.com'),
('C093', 'Do Minh Thang', '0358691135', 'Khuong Dinh', 'dominhtang.nhom6@gmail.com'),
('C094', 'Luong Yen Nhi', '0916710699', 'Trung Van', 'luongyennhi.nhom6@gmail.com'),
('C095', 'Nong Thi Nguyet Anh', '0386890165', 'Dich Vong Hau', 'nongthinguyetanh.nhom6@gmail.com'),
('C096', 'Tran Phuong Anh', '0947763708', 'Kim Lien', 'tranphuonganh.nhom6@gmail.com'),
('C097', 'Vuong Khanh Bang', '0373238348', 'Mo Lao', 'vuongkhanhbang.nhom6@gmail.com'),
('C098', 'Thai Ngoc Han', '0965829438', 'My Dinh', 'thaingochan.nhom6@gmail.com'),
('C099', 'Luu Thanh Trang', '0358691139', 'Trung Tu', 'luuthanhtrang.nhom6@gmail.com'),
('C100', 'Nguyen Thi Oanh', '0916710681', 'Lang Ha', 'nguyenthioanh.nhom6@gmail.com');

INSERT INTO Employee(employee_id, name, position, salary, phone, email, hire_date, address) VALUES
('E001', 'Nguyen Khanh', 'Store Manager', 80000.00, '0981010101', 'n.khanh@techshop.com', '2020-01-15', 'Nguyen Van Cu'),
('E002', 'Le Van Hung', 'Sales Expert', 45000.00, '0982020202', 'l.hung@techshop.com', '2021-05-20', 'Le Lai'),
('E003', 'Pham Thi Mai', 'Logistics Coordinator', 35000.00, '0983030303', 'p.mai@techshop.com', '2022-11-01', 'Ton Duc Thang'),
('E004', 'Tran Quoc Viet', 'Sales Expert', 45000.00, '0984040404', 't.viet@techshop.com', '2023-03-10', 'Hoang Hoa Tham'),
('E005', 'Doan Minh Hieu', 'Technical Support', 38000.00, '0985050505', 'd.hieu@techshop.com', '2023-07-25', 'Quang Trung'),
('E006', 'Kieu Anh', 'Inventory Specialist', 36000.00, '0986060606', 'k.anh@techshop.com', '2024-01-01', 'Cao Thang'),
('E007', 'Huynh Tuan', 'Sales Expert', 48000.00, '0987070707', 'h.tuan@techshop.com', '2024-05-18', 'Vo Thi Sau'),
('E008', 'Anh Thư', 'Marketing Analyst', 50000.00, '0988080808', 'a.thu@techshop.com', '2023-10-10', 'Dinh Tien Hoang'),
('E009', 'Bảo An', 'Sales Expert', 42000.00, '0989090909', 'b.an@techshop.com', '2022-08-22', 'Ba Thang Hai'),
('E010', 'Minh Nhật', 'Store Manager', 78000.00, '0981101101', 'm.nhat@techshop.com', '2019-12-01', 'Phan Chu Trinh');

INSERT INTO Orders (order_id, order_date, total_amount, status, customer_id, employee_id) VALUES
('OR001', '2025-09-01 10:20:00', 0.00, 'Completed', 'C012', 'E002'),
('OR002', '2025-08-25 14:35:00', 0.00, 'Completed', 'C055', 'E004'),
('OR003', '2025-09-10 09:10:00', 0.00, 'Completed', 'C003', 'E007'),
('OR004', '2025-08-01 16:50:00', 0.00, 'Completed', 'C098', 'E009'),
('OR005', '2025-10-15 11:05:00', 0.00, 'Completed', 'C047', 'E002'),
('OR006', '2025-07-20 12:45:00', 0.00, 'Completed', 'C012', 'E004'),
('OR007', '2025-09-28 17:15:00', 0.00, 'Completed', 'C088', 'E007'),
('OR008', '2025-08-05 13:20:00', 0.00, 'Completed', 'C019', 'E009'),
('OR009', '2025-10-02 10:00:00', 0.00, 'Completed', 'C071', 'E002'),
('OR010', '2025-06-15 08:30:00', 0.00, 'Completed', 'C022', 'E004'),
('OR011', '2025-09-18 15:55:00', 0.00, 'Completed', 'C012', 'E007'),
('OR012', '2025-08-14 11:25:00', 0.00, 'Completed', 'C030', 'E009'),
('OR013', '2025-10-05 14:00:00', 0.00, 'Completed', 'C055', 'E002'),
('OR014', '2025-07-01 16:10:00', 0.00, 'Completed', 'C041', 'E004'),
('OR015', '2025-09-22 13:50:00', 0.00, 'Completed', 'C064', 'E007'),
('OR016', '2025-08-29 09:40:00', 0.00, 'Completed', 'C019', 'E009'),
('OR017', '2025-10-10 12:00:00', 0.00, 'Completed', 'C088', 'E002'),
('OR018', '2025-07-05 17:30:00', 0.00, 'Completed', 'C003', 'E004'),
('OR019', '2025-09-04 14:15:00', 0.00, 'Completed', 'C071', 'E007'),
('OR020', '2025-08-18 10:50:00', 0.00, 'Completed', 'C047', 'E009'),
('OR021', '2025-10-08 15:20:00', 0.00, 'Completed', 'C022', 'E002'),
('OR022', '2025-07-10 11:35:00', 0.00, 'Completed', 'C098', 'E004'),
('OR023', '2025-09-12 09:05:00', 0.00, 'Completed', 'C030', 'E007'),
('OR024', '2025-08-22 16:40:00', 0.00, 'Completed', 'C041', 'E009'),
('OR025', '2025-10-14 13:10:00', 0.00, 'Completed', 'C064', 'E002'),
('OR026', '2025-07-25 10:40:00', 0.00, 'Completed', 'C001', 'E004'),
('OR027', '2025-09-08 17:55:00', 0.00, 'Completed', 'C081', 'E007'),
('OR028', '2025-08-09 12:25:00', 0.00, 'Completed', 'C093', 'E009'),
('OR029', '2025-10-01 14:50:00', 0.00, 'Completed', 'C010', 'E002'),
('OR030', '2025-06-20 09:30:00', 0.00, 'Completed', 'C077', 'E004'),
('OR031', '2025-09-15 15:45:00', 0.00, 'Completed', 'C001', 'E007'),
('OR032', '2025-08-16 11:15:00', 0.00, 'Completed', 'C081', 'E009'),
('OR033', '2025-10-07 16:30:00', 0.00, 'Completed', 'C093', 'E002'),
('OR034', '2025-07-12 13:05:00', 0.00, 'Completed', 'C010', 'E004'),
('OR035', '2025-09-29 10:25:00', 0.00, 'Completed', 'C077', 'E007'),
('OR036', '2025-08-27 17:40:00', 0.00, 'Completed', 'C001', 'E009'),
('OR037', '2025-10-11 12:55:00', 0.00, 'Completed', 'C081', 'E002'),
('OR038', '2025-07-28 14:45:00', 0.00, 'Completed', 'C093', 'E004'),
('OR039', '2025-09-06 09:50:00', 0.00, 'Completed', 'C010', 'E007'),
('OR040', '2025-08-11 15:10:00', 0.00, 'Completed', 'C077', 'E009'),
('OR041', '2025-10-16 11:50:00', 0.00, 'Completed', 'C055', 'E002'),
('OR042', '2025-07-03 13:40:00', 0.00, 'Completed', 'C047', 'E004'),
('OR043', '2025-09-24 10:10:00', 0.00, 'Completed', 'C012', 'E007'),
('OR044', '2025-08-20 16:25:00', 0.00, 'Completed', 'C030', 'E009'),
('OR045', '2025-10-04 14:05:00', 0.00, 'Completed', 'C041', 'E002'),
('OR046', '2025-06-25 08:50:00', 0.00, 'Completed', 'C064', 'E004'),
('OR047', '2025-09-19 17:00:00', 0.00, 'Completed', 'C019', 'E007'),
('OR048', '2025-08-07 12:15:00', 0.00, 'Completed', 'C088', 'E009'),
('OR049', '2025-10-13 13:30:00', 0.00, 'Completed', 'C003', 'E002'),
('OR050', '2025-07-30 15:00:00', 0.00, 'Completed', 'C071', 'E004'),
('OR051', '2025-09-03 10:35:00', 0.00, 'Completed', 'C022', 'E007'),
('OR052', '2025-08-13 16:00:00', 0.00, 'Completed', 'C098', 'E009'),
('OR053', '2025-10-09 11:45:00', 0.00, 'Completed', 'C030', 'E002'),
('OR054', '2025-07-08 14:20:00', 0.00, 'Completed', 'C041', 'E004'),
('OR055', '2025-09-26 09:20:00', 0.00, 'Completed', 'C064', 'E007'),
('OR056', '2025-08-24 17:25:00', 0.00, 'Completed', 'C001', 'E009'),
('OR057', '2025-10-06 13:55:00', 0.00, 'Completed', 'C081', 'E002'),
('OR058', '2025-06-18 10:05:00', 0.00, 'Completed', 'C093', 'E004'),
('OR059', '2025-09-17 15:30:00', 0.00, 'Completed', 'C010', 'E007'),
('OR060', '2025-08-19 11:00:00', 0.00, 'Completed', 'C077', 'E009'),
('OR061', '2025-10-03 12:35:00', 0.00, 'Completed', 'C055', 'E002'),
('OR062', '2025-07-23 09:45:00', 0.00, 'Completed', 'C047', 'E004'),
('OR063', '2025-09-14 16:50:00', 0.00, 'Completed', 'C012', 'E007'),
('OR064', '2025-08-04 13:15:00', 0.00, 'Completed', 'C030', 'E009'),
('OR065', '2025-10-17 10:55:00', 0.00, 'Completed', 'C041', 'E002'),
('OR066', '2025-06-30 15:10:00', 0.00, 'Completed', 'C064', 'E004'),
('OR067', '2025-09-25 11:10:00', 0.00, 'Completed', 'C019', 'E007'),
('OR068', '2025-08-08 17:05:00', 0.00, 'Completed', 'C088', 'E009'),
('OR069', '2025-10-12 12:40:00', 0.00, 'Completed', 'C003', 'E002'),
('OR070', '2025-07-06 14:55:00', 0.00, 'Completed', 'C071', 'E004'),
('OR071', '2025-09-21 09:35:00', 0.00, 'Completed', 'C022', 'E007'),
('OR072', '2025-08-28 16:15:00', 0.00, 'Completed', 'C098', 'E009'),
('OR073', '2025-10-05 13:00:00', 0.00, 'Completed', 'C030', 'E002'),
('OR074', '2025-07-15 10:50:00', 0.00, 'Completed', 'C041', 'E004'),
('OR075', '2025-09-11 15:25:00', 0.00, 'Completed', 'C064', 'E007'),
('OR076', '2025-08-23 11:20:00', 0.00, 'Completed', 'C001', 'E009'),
('OR077', '2025-10-01 17:35:00', 0.00, 'Completed', 'C081', 'E002'),
('OR078', '2025-07-09 13:05:00', 0.00, 'Completed', 'C093', 'E004'),
('OR079', '2025-09-20 14:10:00', 0.00, 'Completed', 'C010', 'E007'),
('OR080', '2025-08-17 10:45:00', 0.00, 'Completed', 'C077', 'E009'),
('OR081', '2025-10-08 16:35:00', 0.00, 'Completed', 'C055', 'E002'),
('OR082', '2025-07-02 12:05:00', 0.00, 'Completed', 'C047', 'E004'),
('OR083', '2025-09-27 09:55:00', 0.00, 'Completed', 'C012', 'E007'),
('OR084', '2025-08-15 15:40:00', 0.00, 'Completed', 'C030', 'E009'),
('OR085', '2025-10-16 11:30:00', 0.00, 'Completed', 'C041', 'E002'),
('OR086', '2025-06-28 13:25:00', 0.00, 'Completed', 'C064', 'E004'),
('OR087', '2025-09-05 17:10:00', 0.00, 'Completed', 'C019', 'E007'),
('OR088', '2025-08-02 14:55:00', 0.00, 'Completed', 'C088', 'E009'),
('OR089', '2025-10-04 10:15:00', 0.00, 'Completed', 'C003', 'E002'),
('OR090', '2025-07-29 16:20:00', 0.00, 'Completed', 'C071', 'E004'),
('OR091', '2025-09-16 12:45:00', 0.00, 'Completed', 'C022', 'E007'),
('OR092', '2025-08-30 09:30:00', 0.00, 'Completed', 'C098', 'E009'),
('OR093', '2025-10-15 14:40:00', 0.00, 'Completed', 'C030', 'E002'),
('OR094', '2025-07-18 11:05:00', 0.00, 'Completed', 'C041', 'E004'),
('OR095', '2025-09-09 15:00:00', 0.00, 'Completed', 'C064', 'E007'),
('OR096', '2025-08-06 17:30:00', 0.00, 'Completed', 'C001', 'E009'),
('OR097', '2025-10-07 13:50:00', 0.00, 'Completed', 'C081', 'E002'),
('OR098', '2025-06-22 10:20:00', 0.00, 'Completed', 'C093', 'E004'),
('OR099', '2025-09-02 14:30:00', 0.00, 'Completed', 'C010', 'E007'),
('OR100', '2025-08-21 12:10:00', 0.00, 'Completed', 'C077', 'E009'),
('OR101', '2025-10-11 15:55:00', 0.00, 'Completed', 'C055', 'E002'),
('OR102', '2025-07-04 09:15:00', 0.00, 'Completed', 'C047', 'E004'),
('OR103', '2025-09-30 17:45:00', 0.00, 'Completed', 'C012', 'E007'),
('OR104', '2025-08-10 13:45:00', 0.00, 'Completed', 'C030', 'E009'),
('OR105', '2025-10-06 10:05:00', 0.00, 'Completed', 'C041', 'E002'),
('OR106', '2025-07-26 16:50:00', 0.00, 'Completed', 'C064', 'E004'),
('OR107', '2025-09-07 11:20:00', 0.00, 'Completed', 'C019', 'E007'),
('OR108', '2025-08-03 14:00:00', 0.00, 'Completed', 'C088', 'E009'),
('OR109', '2025-10-14 12:30:00', 0.00, 'Completed', 'C003', 'E002'),
('OR110', '2025-07-31 09:50:00', 0.00, 'Completed', 'C071', 'E004'),
('OR111', '2025-09-23 15:15:00', 0.00, 'Completed', 'C022', 'E007'),
('OR112', '2025-08-26 11:40:00', 0.00, 'Completed', 'C098', 'E009'),
('OR113', '2025-10-09 17:00:00', 0.00, 'Completed', 'C030', 'E002'),
('OR114', '2025-07-16 13:10:00', 0.00, 'Completed', 'C041', 'E004'),
('OR115', '2025-09-13 10:30:00', 0.00, 'Completed', 'C064', 'E007'),
('OR116', '2025-08-12 16:45:00', 0.00, 'Completed', 'C001', 'E009'),
('OR117', '2025-10-03 14:15:00', 0.00, 'Completed', 'C081', 'E002'),
('OR118', '2025-06-26 12:55:00', 0.00, 'Completed', 'C093', 'E004'),
('OR119', '2025-09-10 11:50:00', 0.00, 'Completed', 'C010', 'E007'),
('OR120', '2025-08-20 17:20:00', 0.00, 'Completed', 'C077', 'E009'),
('OR121', '2025-10-10 09:40:00', 0.00, 'Completed', 'C055', 'E002'),
('OR122', '2025-07-17 15:30:00', 0.00, 'Completed', 'C047', 'E004'),
('OR123', '2025-09-28 10:10:00', 0.00, 'Completed', 'C012', 'E007'),
('OR124', '2025-08-25 16:05:00', 0.00, 'Completed', 'C030', 'E009'),
('OR125', '2025-10-02 13:35:00', 0.00, 'Completed', 'C041', 'E002'),
('OR126', '2025-06-19 14:40:00', 0.00, 'Completed', 'C064', 'E004'),
('OR127', '2025-09-15 12:25:00', 0.00, 'Completed', 'C019', 'E007'),
('OR128', '2025-08-07 10:00:00', 0.00, 'Completed', 'C088', 'E009'),
('OR129', '2025-10-04 15:10:00', 0.00, 'Completed', 'C003', 'E002'),
('OR130', '2025-07-21 11:15:00', 0.00, 'Completed', 'C071', 'E004'),
('OR131', '2025-09-12 17:50:00', 0.00, 'Completed', 'C022', 'E007'),
('OR132', '2025-08-05 13:55:00', 0.00, 'Completed', 'C098', 'E009'),
('OR133', '2025-10-01 09:30:00', 0.00, 'Completed', 'C030', 'E002'),
('OR134', '2025-07-24 16:10:00', 0.00, 'Completed', 'C041', 'E004'),
('OR135', '2025-09-20 14:05:00', 0.00, 'Completed', 'C064', 'E007'),
('OR136', '2025-08-14 10:45:00', 0.00, 'Completed', 'C001', 'E009'),
('OR137', '2025-10-13 17:35:00', 0.00, 'Completed', 'C081', 'E002'),
('OR138', '2025-06-29 12:15:00', 0.00, 'Completed', 'C093', 'E004'),
('OR139', '2025-09-08 14:55:00', 0.00, 'Completed', 'C010', 'E007'),
('OR140', '2025-08-18 11:30:00', 0.00, 'Completed', 'C077', 'E009'),
('OR141', '2025-10-05 16:50:00', 0.00, 'Completed', 'C055', 'E002'),
('OR142', '2025-07-27 13:00:00', 0.00, 'Completed', 'C047', 'E004'),
('OR143', '2025-09-17 09:25:00', 0.00, 'Completed', 'C012', 'E007'),
('OR144', '2025-08-08 15:40:00', 0.00, 'Completed', 'C030', 'E009'),
('OR145', '2025-10-12 11:05:00', 0.00, 'Completed', 'C041', 'E002'),
('OR146', '2025-07-07 14:20:00', 0.00, 'Completed', 'C064', 'E004'),
('OR147', '2025-09-26 17:15:00', 0.00, 'Completed', 'C019', 'E007'),
('OR148', '2025-08-24 10:35:00', 0.00, 'Completed', 'C088', 'E009'),
('OR149', '2025-10-16 12:45:00', 0.00, 'Completed', 'C003', 'E002'),
('OR150', '2025-07-22 15:55:00', 0.00, 'Completed', 'C071', 'E004');

INSERT INTO Product (product_id, name, price, quantity, description, category_id) VALUES
-- Smartphones (CAT01)
('PR001', 'iPhone 16 Pro Max 512GB', 48990000.00, 50, 'Flagship iOS mới nhất', 'CAT01'),
('PR002', 'Samsung Galaxy S25 Ultra', 41990000.00, 45, 'Android cao cấp nhất', 'CAT01'),
('PR003', 'Xiaomi 15 Pro', 25990000.00, 60, 'Điện thoại chụp ảnh hàng đầu', 'CAT01'),
('PR004', 'OPPO Find X8', 20990000.00, 70, 'Thiết kế đẹp, sạc nhanh', 'CAT01'),
('PR005', 'Google Pixel 9', 23490000.00, 35, 'Trải nghiệm Android thuần khiết', 'CAT01'),
('PR006', 'iPhone SE (Gen 4)', 13990000.00, 80, 'Giá phải chăng, hiệu năng mạnh', 'CAT01'),
('PR007', 'Samsung Galaxy A56', 9990000.00, 120, 'Điện thoại tầm trung bán chạy', 'CAT01'),
('PR008', 'Nokia G50 5G', 6190000.00, 90, 'Pin trâu, bền bỉ', 'CAT01'),
('PR009', 'Realme GT Neo 6', 12490000.00, 40, 'Hiệu năng cao, giá tốt', 'CAT01'),
('PR010', 'Motorola Edge 40', 10990000.00, 30, 'Thiết kế cong, độc đáo', 'CAT01'),

-- Tablets (CAT02)
('PR011', 'iPad Pro M4 13 inch', 53990000.00, 20, 'Máy tính bảng mạnh nhất', 'CAT02'),
('PR012', 'Samsung Galaxy Tab S10 Ultra', 34500000.00, 25, 'Màn hình lớn, bút S Pen', 'CAT02'),
('PR013', 'Lenovo Tab P12', 11490000.00, 35, 'Tablet giải trí, giá tốt', 'CAT02'),
('PR014', 'Microsoft Surface Go 4', 18990000.00, 15, 'Windows di động', 'CAT02'),
('PR015', 'Xiaomi Pad 7', 10990000.00, 40, 'Hiệu năng tốt trong tầm giá', 'CAT02'),
('PR016', 'Amazon Fire HD 10', 4490000.00, 50, 'Giá rẻ, cơ bản', 'CAT02'),
('PR017', 'iPad Air (M2)', 23990000.00, 30, 'Mạnh mẽ, gọn nhẹ', 'CAT02'),
('PR018', 'Samsung Galaxy Tab A9', 7590000.00, 60, 'Tablet cơ bản cho gia đình', 'CAT02'),
('PR019', 'Huawei MatePad Pro', 17490000.00, 22, 'Thiết kế mỏng, đẹp', 'CAT02'),
('PR020', 'Google Pixel Tablet', 15490000.00, 18, 'Tích hợp dock sạc thông minh', 'CAT02'),

-- Laptops (CAT03)
('PR021', 'MacBook Pro 16 M4 Max', 87990000.00, 8, 'Laptop hiệu năng cực cao', 'CAT03'),
('PR022', 'Dell XPS 15 (2025)', 58990000.00, 12, 'Thiết kế đẹp, màn hình 4K', 'CAT03'),
('PR023', 'HP Spectre x360 14', 42990000.00, 15, 'Màn hình gập 2-in-1', 'CAT03'),
('PR024', 'Asus ROG Zephyrus G16', 54990000.00, 10, 'Laptop Gaming mỏng nhẹ', 'CAT03'),
('PR025', 'Lenovo ThinkPad X1 Carbon Gen 12', 48990000.00, 14, 'Laptop doanh nhân bền bỉ', 'CAT03'),
('PR026', 'Acer Swift Edge 16', 30490000.00, 20, 'Màn hình OLED, mỏng nhẹ', 'CAT03'),
('PR027', 'Microsoft Surface Laptop 6', 38500000.00, 11, 'Thiết kế sang trọng, tối ưu', 'CAT03'),
('PR028', 'MacBook Air M3 13 inch', 28990000.00, 25, 'Pin trâu, hiệu năng ổn định', 'CAT03'),
('PR029', 'HP Pavilion 15', 18490000.00, 30, 'Laptop văn phòng cơ bản', 'CAT03'),
('PR030', 'Dell Inspiron 14', 16790000.00, 18, 'Giá rẻ, cấu hình đủ dùng', 'CAT03'),

-- Audio (CAT04)
('PR031', 'Tai nghe Sony WH-1000XM6', 9490000.00, 80, 'Chống ồn tốt nhất', 'CAT04'),
('PR032', 'Loa Bluetooth JBL Boombox 3', 12190000.00, 45, 'Âm thanh lớn, pin khỏe', 'CAT04'),
('PR033', 'Apple AirPods Pro 3', 7490000.00, 150, 'Tai nghe không dây TWS', 'CAT04'),
('PR034', 'Loa Soundbar Samsung HW-Q990D', 31990000.00, 15, 'Hệ thống âm thanh 11.1.4', 'CAT04'),
('PR035', 'Tai nghe Sennheiser Momentum 4', 9290000.00, 60, 'Chất âm trung thực', 'CAT04'),
('PR036', 'Loa Marshall Stanmore III', 10390000.00, 30, 'Thiết kế cổ điển, âm thanh mạnh', 'CAT04'),
('PR037', 'Tai nghe Bose QuietComfort Ultra', 10990000.00, 70, 'Thoải mái và chống ồn', 'CAT04'),
('PR038', 'Loa Karaoke Acnos CS450', 14500000.00, 25, 'Loa karaoke di động', 'CAT04'),
('PR039', 'Tai nghe Gaming HyperX Cloud Alpha', 2590000.00, 100, 'Micro khử ồn tốt', 'CAT04'),
('PR040', 'DAC/Amp Fiio K7', 5290000.00, 50, 'Thiết bị giải mã âm thanh', 'CAT04'),

-- Watches (CAT05)
('PR041', 'Apple Watch Ultra 2', 21990000.00, 35, 'Đồng hồ thông minh cao cấp, pin 36h', 'CAT05'),
('PR042', 'Samsung Galaxy Watch 7 Classic', 12990000.00, 50, 'Thiết kế viền xoay truyền thống', 'CAT05'),
('PR043', 'Garmin Fenix 8', 23990000.00, 20, 'Theo dõi thể thao chuyên nghiệp', 'CAT05'),
('PR044', 'Xiaomi Watch S3', 4990000.00, 60, 'Giá tốt, pin bền', 'CAT05'),
('PR045', 'Huawei Watch GT 5 Pro', 9990000.00, 40, 'Đẹp, pin 14 ngày', 'CAT05'),
('PR046', 'Amazfit T-Rex 3', 6290000.00, 45, 'Chống nước, bền chuẩn quân đội', 'CAT05'),
('PR047', 'Apple Watch SE (2024)', 7990000.00, 70, 'Giá mềm, tính năng đủ dùng', 'CAT05'),
('PR048', 'Fitbit Sense 3', 6990000.00, 55, 'Theo dõi sức khỏe và giấc ngủ', 'CAT05'),
('PR049', 'Coros Pace 3', 9290000.00, 25, 'Chuyên chạy bộ và tập luyện', 'CAT05'),
('PR050', 'Garmin Venu 3', 11490000.00, 30, 'Đồng hồ thể thao đa năng', 'CAT05'),

-- Cameras (CAT06)
('PR051', 'Sony A7 IV', 66990000.00, 10, 'Máy ảnh full-frame chuyên nghiệp', 'CAT06'),
('PR052', 'Canon EOS R6 Mark II', 64500000.00, 8, 'Hiệu năng chụp ảnh và quay phim cao', 'CAT06'),
('PR053', 'Fujifilm X-T5', 43990000.00, 12, 'Phong cách retro, ảnh màu đẹp', 'CAT06'),
('PR054', 'Nikon Z6 III', 56990000.00, 10, 'Máy ảnh mirrorless mạnh mẽ', 'CAT06'),
('PR055', 'Sony ZV-E1', 51990000.00, 9, 'Máy quay vlog chất lượng cao', 'CAT06'),
('PR056', 'GoPro Hero 13 Black', 12790000.00, 40, 'Camera hành động chống nước', 'CAT06'),
('PR057', 'Insta360 X4', 14990000.00, 35, 'Camera 360 độ, video 8K', 'CAT06'),
('PR058', 'Canon EOS R100', 13500000.00, 30, 'Máy ảnh khởi đầu, dễ dùng', 'CAT06'),
('PR059', 'DJI Osmo Pocket 3', 19490000.00, 25, 'Gimbal mini quay video 4K', 'CAT06'),
('PR060', 'Panasonic Lumix GH7', 64990000.00, 7, 'Máy quay chuyên nghiệp cho YouTuber', 'CAT06'),

-- Home Appliances (CAT07)
('PR061', 'Máy lọc không khí Sharp FP-J80EV-H', 7990000.00, 60, 'Lọc bụi mịn PM2.5', 'CAT07'),
('PR062', 'Robot hút bụi Ecovacs T30 Omni', 23490000.00, 25, 'Tự đổ rác, lau sàn thông minh', 'CAT07'),
('PR063', 'Nồi chiên không dầu Philips XXL HD9860', 10990000.00, 40, 'Dung tích lớn, cảm biến thông minh', 'CAT07'),
('PR064', 'Máy giặt LG AI DD 10.5kg', 17990000.00, 30, 'Giặt thông minh AI, tiết kiệm điện', 'CAT07'),
('PR065', 'Tủ lạnh Samsung Bespoke 2 cửa', 35500000.00, 15, 'Tùy chỉnh thiết kế, tiết kiệm điện', 'CAT07'),
('PR066', 'Bình nước nóng Ariston 30L', 4590000.00, 45, 'Công nghệ chống giật an toàn', 'CAT07'),
('PR067', 'Máy sấy quần áo Electrolux 9kg', 20990000.00, 20, 'Sấy cảm biến thông minh', 'CAT07'),
('PR068', 'Bếp từ đôi Sunhouse SHD6862', 6290000.00, 35, 'Tiết kiệm điện, điều khiển cảm ứng', 'CAT07'),
('PR069', 'Lò vi sóng Panasonic NN-ST65', 7590000.00, 25, 'Có nướng, công suất 1000W', 'CAT07'),
('PR070', 'Máy lọc nước Karofi KAQ-U10', 10290000.00, 20, 'Lọc RO 10 lõi cao cấp', 'CAT07'),

-- Accessories (CAT08)
('PR071', 'Sạc nhanh Apple 35W Dual USB-C', 1590000.00, 150, 'Sạc đôi, hỗ trợ PD', 'CAT08'),
('PR072', 'Ốp lưng iPhone 16 Pro Max MagSafe', 1190000.00, 200, 'Ốp chính hãng chống sốc', 'CAT08'),
('PR073', 'Cáp sạc Anker PowerLine III 100W USB-C', 850000.00, 180, 'Siêu bền, tốc độ cao', 'CAT08'),
('PR074', 'Chuột Logitech MX Master 4', 3190000.00, 80, 'Chuột không dây cao cấp', 'CAT08'),
('PR075', 'Bàn phím Keychron K6 Pro', 2990000.00, 50, 'Cơ học, Bluetooth', 'CAT08'),
('PR076', 'Thẻ nhớ SanDisk Extreme Pro 256GB', 1950000.00, 90, 'Tốc độ đọc 200MB/s', 'CAT08'),
('PR077', 'Sạc dự phòng Baseus 20,000mAh 65W', 1790000.00, 70, 'Hỗ trợ sạc nhanh PD', 'CAT08'),
('PR078', 'Giá đỡ điện thoại Ugreen LP116', 590000.00, 120, 'Gấp gọn, tiện dụng', 'CAT08'),
('PR079', 'Chuột gaming Razer DeathAdder V3', 2090000.00, 60, 'Siêu nhẹ, độ chính xác cao', 'CAT08'),
('PR080', 'Balo laptop Samsonite 17 inch', 3990000.00, 30, 'Chống nước, thời trang', 'CAT08'),

-- PCs & Monitors (CAT09)
('PR081', 'Màn hình LG UltraGear 27GP950 4K 144Hz', 23990000.00, 20, 'Phù hợp game và đồ họa', 'CAT09'),
('PR082', 'PC Gaming ASUS ROG Strix RTX 4080', 93990000.00, 6, 'Hiệu năng cực cao', 'CAT09'),
('PR083', 'Màn hình Samsung Odyssey G9 Neo', 46990000.00, 8, 'Màn cong 49 inch QLED', 'CAT09'),
('PR084', 'PC Dell XPS Tower (2025)', 51990000.00, 10, 'Máy tính bàn cao cấp', 'CAT09'),
('PR085', 'Màn hình Acer Nitro XV272U', 9290000.00, 30, '2K, 170Hz, chơi game mượt', 'CAT09'),
('PR086', 'PC Lenovo Legion Tower 7i', 78990000.00, 5, 'Gaming đỉnh, RTX 4090', 'CAT09'),
('PR087', 'Màn hình ASUS ProArt PA32UCX', 63990000.00, 4, 'Đồ họa chuyên nghiệp HDR', 'CAT09'),
('PR088', 'Mini PC Intel NUC 14 Pro', 20990000.00, 12, 'Nhỏ gọn, hiệu năng ổn', 'CAT09'),
('PR089', 'Màn hình Philips 243V7 24 inch', 3690000.00, 40, 'Giá rẻ, phù hợp văn phòng', 'CAT09'),
('PR090', 'All-in-One HP Envy 34', 61990000.00, 6, 'PC nguyên khối 34 inch', 'CAT09'),

-- Major Appliances (CAT10)
('PR091', 'Máy lạnh Daikin Inverter 1.5HP', 16290000.00, 40, 'Tiết kiệm điện, vận hành êm', 'CAT10'),
('PR092', 'Tủ lạnh Panasonic Inverter 550L', 32500000.00, 20, 'Công nghệ làm lạnh kép', 'CAT10'),
('PR093', 'Máy giặt Toshiba 9.5kg', 14290000.00, 25, 'Giặt sạch, tiết kiệm nước', 'CAT10'),
('PR094', 'Máy nước nóng Ferroli 20L', 4990000.00, 30, 'Chống rò điện, an toàn', 'CAT10'),
('PR095', 'Lò nướng Electrolux 70L EOT70', 9490000.00, 15, 'Đa chức năng, nhiệt đối lưu', 'CAT10'),
('PR096', 'Máy hút bụi Dyson V15 Detect', 21990000.00, 12, 'Không dây, công suất mạnh', 'CAT10'),
('PR097', 'Máy rửa chén Bosch Series 6', 30990000.00, 8, 'Rửa tự động, tiết kiệm nước', 'CAT10'),
('PR098', 'Máy sấy tóc Dyson Supersonic Nural', 14990000.00, 25, 'Cảm biến nhiệt, không hư tóc', 'CAT10'),
('PR099', 'Bếp hồng ngoại Midea MI-T2115', 3190000.00, 45, 'Bảng điều khiển cảm ứng', 'CAT10'),
('PR100', 'Quạt không cánh Xiaomi SmartFan Pro', 5990000.00, 50, 'Điều khiển giọng nói, an toàn', 'CAT10');

INSERT INTO Order_Detail (orderdetail_id, order_id, product_id, quantity, price) VALUES
('OD001', 'OR001', 'PR002', 1, 0.00),
('OD002', 'OR001', 'PR072', 2, 0.00),
('OD003', 'OR002', 'PR033', 3, 0.00),
('OD004', 'OR002', 'PR047', 1, 0.00),
('OD005', 'OR003', 'PR056', 1, 0.00),
('OD006', 'OR003', 'PR076', 1, 0.00),
('OD007', 'OR003', 'PR018', 1, 0.00),
('OD008', 'OR004', 'PR028', 1, 0.00),
('OD009', 'OR004', 'PR074', 1, 0.00),
('OD010', 'OR005', 'PR062', 1, 0.00),
('OD011', 'OR006', 'PR091', 1, 0.00),
('OD012', 'OR006', 'PR066', 1, 0.00),
('OD013', 'OR007', 'PR007', 2, 0.00),
('OD014', 'OR007', 'PR077', 1, 0.00),
('OD015', 'OR007', 'PR073', 3, 0.00),
('OD016', 'OR008', 'PR021', 1, 0.00),
('OD017', 'OR008', 'PR087', 1, 0.00),
('OD018', 'OR009', 'PR041', 1, 0.00),
('OD019', 'OR009', 'PR071', 2, 0.00),
('OD020', 'OR010', 'PR081', 1, 0.00),
('OD021', 'OR011', 'PR001', 1, 0.00),
('OD022', 'OR011', 'PR072', 1, 0.00),
('OD023', 'OR012', 'PR039', 5, 0.00),
('OD024', 'OR012', 'PR078', 2, 0.00),
('OD025', 'OR012', 'PR044', 1, 0.00),
('OD026', 'OR013', 'PR064', 1, 0.00),
('OD027', 'OR013', 'PR093', 1, 0.00),
('OD028', 'OR014', 'PR013', 1, 0.00),
('OD029', 'OR014', 'PR015', 1, 0.00),
('OD030', 'OR015', 'PR052', 1, 0.00),
('OD031', 'OR015', 'PR054', 1, 0.00),
('OD032', 'OR016', 'PR082', 1, 0.00),
('OD033', 'OR016', 'PR086', 1, 0.00),
('OD034', 'OR017', 'PR061', 2, 0.00),
('OD035', 'OR017', 'PR068', 1, 0.00),
('OD036', 'OR017', 'PR099', 1, 0.00),
('OD037', 'OR018', 'PR011', 1, 0.00),
('OD038', 'OR018', 'PR017', 1, 0.00),
('OD039', 'OR019', 'PR024', 1, 0.00),
('OD040', 'OR020', 'PR031', 1, 0.00),
('OD041', 'OR020', 'PR037', 1, 0.00),
('OD042', 'OR021', 'PR006', 1, 0.00),
('OD043', 'OR021', 'PR071', 1, 0.00),
('OD044', 'OR021', 'PR008', 1, 0.00),
('OD045', 'OR022', 'PR089', 2, 0.00),
('OD046', 'OR022', 'PR029', 1, 0.00),
('OD047', 'OR023', 'PR096', 1, 0.00),
('OD048', 'OR024', 'PR042', 1, 0.00),
('OD049', 'OR024', 'PR045', 1, 0.00),
('OD050', 'OR024', 'PR047', 1, 0.00),
('OD051', 'OR025', 'PR012', 1, 0.00),
('OD052', 'OR025', 'PR073', 2, 0.00),
('OD053', 'OR026', 'PR032', 1, 0.00),
('OD054', 'OR026', 'PR036', 1, 0.00),
('OD055', 'OR027', 'PR075', 1, 0.00),
('OD056', 'OR027', 'PR079', 1, 0.00),
('OD057', 'OR027', 'PR080', 1, 0.00),
('OD058', 'OR028', 'PR053', 1, 0.00),
('OD059', 'OR028', 'PR058', 1, 0.00),
('OD060', 'OR029', 'PR092', 1, 0.00),
('OD061', 'OR030', 'PR003', 1, 0.00),
('OD062', 'OR030', 'PR005', 1, 0.00),
('OD063', 'OR031', 'PR063', 1, 0.00),
('OD064', 'OR031', 'PR095', 1, 0.00),
('OD065', 'OR032', 'PR016', 3, 0.00),
('OD066', 'OR032', 'PR018', 2, 0.00),
('OD067', 'OR032', 'PR019', 1, 0.00),
('OD068', 'OR033', 'PR023', 1, 0.00),
('OD069', 'OR033', 'PR025', 1, 0.00),
('OD070', 'OR034', 'PR043', 1, 0.00),
('OD071', 'OR035', 'PR034', 1, 0.00),
('OD072', 'OR035', 'PR040', 1, 0.00),
('OD073', 'OR036', 'PR061', 1, 0.00),
('OD074', 'OR036', 'PR100', 1, 0.00),
('OD075', 'OR036', 'PR070', 1, 0.00),
('OD076', 'OR037', 'PR009', 1, 0.00),
('OD077', 'OR037', 'PR010', 1, 0.00),
('OD078', 'OR038', 'PR084', 1, 0.00),
('OD079', 'OR038', 'PR090', 1, 0.00),
('OD080', 'OR039', 'PR059', 1, 0.00),
('OD081', 'OR040', 'PR026', 1, 0.00),
('OD082', 'OR040', 'PR027', 1, 0.00),
('OD083', 'OR041', 'PR072', 3, 0.00),
('OD084', 'OR041', 'PR071', 2, 0.00),
('OD085', 'OR041', 'PR078', 5, 0.00),
('OD086', 'OR042', 'PR046', 1, 0.00),
('OD087', 'OR042', 'PR048', 1, 0.00),
('OD088', 'OR043', 'PR067', 1, 0.00),
('OD089', 'OR044', 'PR051', 1, 0.00),
('OD090', 'OR044', 'PR060', 1, 0.00),
('OD091', 'OR045', 'PR035', 1, 0.00),
('OD092', 'OR045', 'PR038', 1, 0.00),
('OD093', 'OR046', 'PR004', 1, 0.00),
('OD094', 'OR046', 'PR006', 1, 0.00),
('OD095', 'OR046', 'PR007', 1, 0.00),
('OD096', 'OR047', 'PR083', 1, 0.00),
('OD097', 'OR047', 'PR085', 1, 0.00),
('OD098', 'OR048', 'PR014', 1, 0.00),
('OD099', 'OR048', 'PR020', 1, 0.00),
('OD100', 'OR049', 'PR097', 1, 0.00),
('OD101', 'OR050', 'PR049', 1, 0.00),
('OD102', 'OR050', 'PR050', 1, 0.00),
('OD103', 'OR051', 'PR022', 1, 0.00),
('OD104', 'OR051', 'PR025', 1, 0.00),
('OD105', 'OR051', 'PR030', 1, 0.00),
('OD106', 'OR052', 'PR065', 1, 0.00),
('OD107', 'OR052', 'PR092', 1, 0.00),
('OD108', 'OR053', 'PR033', 2, 0.00),
('OD109', 'OR053', 'PR039', 1, 0.00),
('OD110', 'OR054', 'PR055', 1, 0.00),
('OD111', 'OR055', 'PR001', 1, 0.00),
('OD112', 'OR055', 'PR074', 1, 0.00),
('OD113', 'OR056', 'PR071', 2, 0.00),
('OD114', 'OR056', 'PR073', 3, 0.00),
('OD115', 'OR056', 'PR077', 1, 0.00),
('OD116', 'OR057', 'PR098', 1, 0.00),
('OD117', 'OR057', 'PR094', 1, 0.00),
('OD118', 'OR058', 'PR088', 1, 0.00),
('OD119', 'OR059', 'PR011', 1, 0.00),
('OD120', 'OR059', 'PR017', 1, 0.00),
('OD121', 'OR060', 'PR041', 1, 0.00),
('OD122', 'OR060', 'PR042', 1, 0.00),
('OD123', 'OR061', 'PR002', 1, 0.00),
('OD124', 'OR061', 'PR003', 1, 0.00),
('OD125', 'OR061', 'PR004', 1, 0.00),
('OD126', 'OR062', 'PR062', 1, 0.00),
('OD127', 'OR062', 'PR064', 1, 0.00),
('OD128', 'OR063', 'PR082', 1, 0.00),
('OD129', 'OR064', 'PR028', 1, 0.00),
('OD130', 'OR064', 'PR029', 1, 0.00),
('OD131', 'OR065', 'PR031', 1, 0.00),
('OD132', 'OR065', 'PR035', 1, 0.00),
('OD133', 'OR065', 'PR037', 1, 0.00),
('OD134', 'OR066', 'PR051', 1, 0.00),
('OD135', 'OR066', 'PR052', 1, 0.00),
('OD136', 'OR067', 'PR072', 5, 0.00),
('OD137', 'OR067', 'PR076', 2, 0.00),
('OD138', 'OR068', 'PR012', 1, 0.00),
('OD139', 'OR069', 'PR091', 1, 0.00),
('OD140', 'OR069', 'PR099', 1, 0.00),
('OD141', 'OR070', 'PR043', 1, 0.00),
('OD142', 'OR070', 'PR046', 1, 0.00),
('OD143', 'OR070', 'PR050', 1, 0.00),
('OD144', 'OR071', 'PR081', 1, 0.00),
('OD145', 'OR071', 'PR085', 1, 0.00),
('OD146', 'OR072', 'PR005', 1, 0.00),
('OD147', 'OR072', 'PR010', 1, 0.00),
('OD148', 'OR073', 'PR063', 1, 0.00),
('OD149', 'OR074', 'PR013', 1, 0.00),
('OD150', 'OR074', 'PR015', 1, 0.00),
('OD151', 'OR075', 'PR021', 1, 0.00),
('OD152', 'OR075', 'PR024', 1, 0.00),
('OD153', 'OR075', 'PR027', 1, 0.00),
('OD154', 'OR076', 'PR057', 1, 0.00),
('OD155', 'OR076', 'PR059', 1, 0.00),
('OD156', 'OR077', 'PR075', 1, 0.00),
('OD157', 'OR077', 'PR079', 1, 0.00),
('OD158', 'OR078', 'PR065', 1, 0.00),
('OD159', 'OR079', 'PR009', 1, 0.00),
('OD160', 'OR079', 'PR006', 1, 0.00),
('OD161', 'OR080', 'PR032', 1, 0.00),
('OD162', 'OR080', 'PR034', 1, 0.00),
('OD163', 'OR080', 'PR036', 1, 0.00),
('OD164', 'OR081', 'PR044', 2, 0.00),
('OD165', 'OR081', 'PR048', 1, 0.00),
('OD166', 'OR082', 'PR096', 1, 0.00),
('OD167', 'OR082', 'PR097', 1, 0.00),
('OD168', 'OR083', 'PR084', 1, 0.00),
('OD169', 'OR084', 'PR022', 1, 0.00),
('OD170', 'OR084', 'PR023', 1, 0.00),
('OD171', 'OR084', 'PR026', 1, 0.00),
('OD172', 'OR085', 'PR072', 4, 0.00),
('OD173', 'OR085', 'PR078', 5, 0.00),
('OD174', 'OR086', 'PR014', 1, 0.00),
('OD175', 'OR086', 'PR020', 1, 0.00),
('OD176', 'OR087', 'PR053', 1, 0.00),
('OD177', 'OR088', 'PR068', 1, 0.00),
('OD178', 'OR088', 'PR069', 1, 0.00),
('OD179', 'OR089', 'PR083', 1, 0.00),
('OD180', 'OR089', 'PR090', 1, 0.00),
('OD181', 'OR090', 'PR001', 1, 0.00),
('OD182', 'OR090', 'PR002', 1, 0.00),
('OD183', 'OR090', 'PR072', 1, 0.00),
('OD184', 'OR091', 'PR033', 2, 0.00),
('OD185', 'OR091', 'PR039', 3, 0.00),
('OD186', 'OR092', 'PR041', 1, 0.00),
('OD187', 'OR093', 'PR061', 1, 0.00),
('OD188', 'OR093', 'PR070', 1, 0.00),
('OD189', 'OR094', 'PR054', 1, 0.00),
('OD190', 'OR094', 'PR055', 1, 0.00),
('OD191', 'OR094', 'PR056', 1, 0.00),
('OD192', 'OR095', 'PR091', 1, 0.00),
('OD193', 'OR095', 'PR093', 1, 0.00),
('OD194', 'OR096', 'PR029', 1, 0.00),
('OD195', 'OR096', 'PR030', 1, 0.00),
('OD196', 'OR097', 'PR018', 3, 0.00),
('OD197', 'OR098', 'PR045', 1, 0.00),
('OD198', 'OR098', 'PR047', 1, 0.00),
('OD199', 'OR099', 'PR071', 3, 0.00),
('OD200', 'OR099', 'PR073', 4, 0.00),
('OD201', 'OR099', 'PR077', 2, 0.00),
('OD202', 'OR100', 'PR011', 1, 0.00),
('OD203', 'OR100', 'PR012', 1, 0.00),
('OD204', 'OR101', 'PR003', 1, 0.00),
('OD205', 'OR101', 'PR004', 1, 0.00),
('OD206', 'OR102', 'PR086', 1, 0.00),
('OD207', 'OR103', 'PR031', 1, 0.00),
('OD208', 'OR103', 'PR035', 1, 0.00),
('OD209', 'OR104', 'PR062', 1, 0.00),
('OD210', 'OR104', 'PR067', 1, 0.00),
('OD211', 'OR104', 'PR098', 1, 0.00),
('OD212', 'OR105', 'PR049', 1, 0.00),
('OD213', 'OR105', 'PR050', 1, 0.00),
('OD214', 'OR106', 'PR024', 1, 0.00),
('OD215', 'OR106', 'PR025', 1, 0.00),
('OD216', 'OR107', 'PR058', 1, 0.00),
('OD217', 'OR108', 'PR074', 1, 0.00),
('OD218', 'OR108', 'PR075', 1, 0.00),
('OD219', 'OR108', 'PR080', 1, 0.00),
('OD220', 'OR109', 'PR013', 1, 0.00),
('OD221', 'OR109', 'PR019', 1, 0.00),
('OD222', 'OR110', 'PR007', 2, 0.00),
('OD223', 'OR110', 'PR008', 1, 0.00),
('OD224', 'OR111', 'PR087', 1, 0.00),
('OD225', 'OR112', 'PR038', 1, 0.00),
('OD226', 'OR112', 'PR040', 1, 0.00),
('OD227', 'OR113', 'PR042', 1, 0.00),
('OD228', 'OR113', 'PR043', 1, 0.00),
('OD229', 'OR113', 'PR046', 1, 0.00),
('OD230', 'OR114', 'PR065', 1, 0.00),
('OD231', 'OR114', 'PR092', 1, 0.00),
('OD232', 'OR115', 'PR014', 1, 0.00),
('OD233', 'OR115', 'PR016', 2, 0.00),
('OD234', 'OR116', 'PR051', 1, 0.00),
('OD235', 'OR116', 'PR052', 1, 0.00),
('OD236', 'OR116', 'PR060', 1, 0.00),
('OD237', 'OR117', 'PR084', 1, 0.00),
('OD238', 'OR117', 'PR088', 1, 0.00),
('OD239', 'OR118', 'PR001', 1, 0.00),
('OD240', 'OR119', 'PR076', 3, 0.00),
('OD241', 'OR119', 'PR079', 2, 0.00),
('OD242', 'OR120', 'PR022', 1, 0.00),
('OD243', 'OR120', 'PR023', 1, 0.00),
('OD244', 'OR120', 'PR030', 1, 0.00),
('OD245', 'OR121', 'PR064', 1, 0.00),
('OD246', 'OR121', 'PR093', 1, 0.00),
('OD247', 'OR122', 'PR005', 1, 0.00),
('OD248', 'OR122', 'PR009', 1, 0.00),
('OD249', 'OR123', 'PR032', 1, 0.00),
('OD250', 'OR124', 'PR017', 1, 0.00),
('OD251', 'OR124', 'PR020', 1, 0.00),
('OD252', 'OR125', 'PR072', 5, 0.00),
('OD253', 'OR125', 'PR073', 5, 0.00),
('OD254', 'OR125', 'PR078', 5, 0.00),
('OD255', 'OR126', 'PR055', 1, 0.00),
('OD256', 'OR126', 'PR057', 1, 0.00),
('OD257', 'OR127', 'PR081', 1, 0.00),
('OD258', 'OR127', 'PR085', 1, 0.00),
('OD259', 'OR128', 'PR044', 1, 0.00),
('OD260', 'OR129', 'PR066', 1, 0.00),
('OD261', 'OR129', 'PR094', 1, 0.00),
('OD262', 'OR130', 'PR002', 1, 0.00),
('OD263', 'OR130', 'PR003', 1, 0.00),
('OD264', 'OR130', 'PR004', 1, 0.00),
('OD265', 'OR131', 'PR011', 1, 0.00),
('OD266', 'OR131', 'PR012', 1, 0.00),
('OD267', 'OR132', 'PR036', 1, 0.00),
('OD268', 'OR132', 'PR040', 1, 0.00),
('OD269', 'OR133', 'PR089', 2, 0.00),
('OD270', 'OR134', 'PR063', 1, 0.00),
('OD271', 'OR134', 'PR068', 1, 0.00),
('OD272', 'OR134', 'PR099', 1, 0.00),
('OD273', 'OR135', 'PR026', 1, 0.00),
('OD274', 'OR135', 'PR027', 1, 0.00),
('OD275', 'OR136', 'PR049', 1, 0.00),
('OD276', 'OR136', 'PR050', 1, 0.00),
('OD277', 'OR137', 'PR096', 1, 0.00),
('OD278', 'OR138', 'PR053', 1, 0.00),
('OD279', 'OR138', 'PR058', 1, 0.00),
('OD280', 'OR139', 'PR071', 1, 0.00),
('OD281', 'OR139', 'PR077', 1, 0.00),
('OD282', 'OR139', 'PR080', 1, 0.00),
('OD283', 'OR140', 'PR086', 1, 0.00),
('OD284', 'OR140', 'PR087', 1, 0.00),
('OD285', 'OR141', 'PR006', 1, 0.00),
('OD286', 'OR141', 'PR010', 1, 0.00),
('OD287', 'OR142', 'PR041', 1, 0.00),
('OD288', 'OR143', 'PR069', 1, 0.00),
('OD289', 'OR143', 'PR095', 1, 0.00),
('OD290', 'OR144', 'PR016', 3, 0.00),
('OD291', 'OR144', 'PR018', 2, 0.00),
('OD292', 'OR144', 'PR019', 1, 0.00),
('OD293', 'OR145', 'PR033', 5, 0.00),
('OD294', 'OR145', 'PR039', 5, 0.00),
('OD295', 'OR146', 'PR054', 1, 0.00),
('OD296', 'OR146', 'PR056', 1, 0.00),
('OD297', 'OR147', 'PR082', 1, 0.00),
('OD298', 'OR148', 'PR075', 1, 0.00),
('OD299', 'OR148', 'PR079', 1, 0.00),
('OD300', 'OR150', 'PR067', 1, 0.00);

UPDATE Order_Detail od
JOIN Product p ON od.product_id = p.product_id
SET od.price = p.price;

UPDATE Orders o
JOIN (
    SELECT
        order_id,
        SUM(price * quantity) AS calculated_total
    FROM
        Order_Detail
    GROUP BY
        order_id
) AS od_totals ON o.order_id = od_totals.order_id
SET o.total_amount = od_totals.calculated_total;