INSERT INTO Category(id, name) VALUES 
('CATE01', 'Smartphones'),
('CATE02', 'Tablets'),
('CATE03', 'Laptops'),
('CATE04', 'Audio'),
('CATE05', 'Watches'),
('CATE06', 'Cameras'),
('CATE07', 'Home Appliances'),
('CATE08', 'Accessories'),
('CATE09', 'PCs & Monitors'),
('CATE10', 'Major Appliances');

INSERT INTO Customer(id, name, phone, address, email) VALUES
('0001', 'Hoang Quynh Anh', '0857230805', 'Mo Lao', 'hoangquynhanh.nhom6@gmail.com'),
('0002', 'Nguyen Thi Huong Giang', '0338474935', 'Phung Khoang', 'nguyenthihuonggiang.nhom6@gmail.com'),
('0003', 'Bui Thanh Xuan', '0583292012', 'Dich Vong Hau', 'buithanhxuan.nhom6@gmail.com'),
('0004', 'Dao Thu Trang', '0822843689', 'My Dinh', 'daothutrang.nhom6@gmail.com'),
('0005', 'Thai Nguyen Ngoc Anh', '0944393161', 'Lang Ha', 'thainguyenngocanh.nhom6@gmail.com'),
('0006', 'Do Minh Phuong', '0354073053', 'Trung Hoa', 'dominphuong.nhom6@gmail.com'),
('0007', 'Doan Thu Trang', '0348468012', 'Dich Vong', 'doanthutrang.nhom6@gmail.com'),
('0008', 'Pham Phuong Anh', '0965173809', 'Kim Lien', 'phamphuonganh.nhom6@gmail.com'),
('0009', 'Nguyen Thi Bao Tram', '0989277250', 'Quan Hoa', 'nguyenthibaotram.nhom6@gmail.com'),
('0010', 'Hoang Manh Hung', '0839228201', 'Van Quan', 'hoangmanhhung.nhom6@gmail.com'),
('0011', 'Dinh Ngoc Yen Nhi', '0393186501', 'Mo Lao', 'dinhngocyennhi.nhom6@gmail.com'),
('0012', 'Nguyen Khanh Tung', '0386900981', 'Trung Van', 'nguyenkhanhtung.nhom6@gmail.com'),
('0013', 'Hoang Tran Hai Bang', '0823602334', 'Lang Thuong', 'hoangtranhaibang.nhom6@gmail.com'),
('0014', 'Hoang Thu Trang', '0365907672', 'Khuong Mai', 'hoangthutrang.nhom6@gmail.com'),
('0015', 'Vu Hong Phuc', '0947600433', 'Thanh Xuan Bac', 'vuhongphuc.nhom6@gmail.com'),
('0016', 'Nhu Thi Thuy Duong', '0986872645', 'Trung Tu', 'nhuthithuyduong.nhom6@gmail.com'),
('0017', 'Pham Thi Quynh', '0975538225', 'Nghia Tan', 'phamthiquynh.nhom6@gmail.com'),
('0018', 'Hoang Ba Tin', '0936006633', 'Dai Kim', 'hoangbatim.nhom6@gmail.com'),
('0019', 'Nguyen Thi Huong Mui', '0862249150', 'Kim Giang', 'nguyenthihuongmui.nhom6@gmail.com'),
('0020', 'Pham Thi Lan Phuong', '0936006640', 'Mo Lao', 'phamthilanphuong.nhom6@gmail.com'),
('0021', 'Nguyen Dieu Thuy', '0981390979', 'Nghia Do', 'nguyendieuthuy.nhom6@gmail.com'),
('0022', 'Phung Thi Thuy Duy', '0976041294', 'Van Quan', 'phungthithuyduy.nhom6@gmail.com'),
('0023', 'Nguyen Thu Phuong', '0866732412', 'Mai Dich', 'nguyenthuphuong.nhom6@gmail.com'),
('0024', 'Nguyen Thanh Vi', '0389168535', 'Lang Ha', 'nguyenthanhvi.nhom6@gmail.com'),
('0025', 'Nguyen Bao Anh', '0886382255', 'Trung Kinh', 'nguyenbaoanh.nhom6@gmail.com'),
('0026', 'Nguyen My Diep', '0948476239', 'Thanh Xuan Trung', 'nguyenmydiep.nhom6@gmail.com'),
('0027', 'Hoang Nguyen Thanh Hoai', '0944993072', 'Kim Lien', 'hoangnguyenthanhhoai.nhom6@gmail.com'),
('0028', 'Vy Quang Trung', '0869391381', 'My Dinh', 'vyquangtrung.nhom6@gmail.com'),
('0029', 'Pham Khanh Mai', '0869839719', 'Lang Ha', 'phamkhanhmai.nhom6@gmail.com'),
('0030', 'Nguyen Quang Nghia', '0838857831', 'Mo Lao', 'nguyenquangnghia.nhom6@gmail.com'),
('0031', 'Hoang Quynh Huong', '0931502408', 'Trung Hoa', 'hoangquynhhuong.nhom6@gmail.com'),
('0032', 'Tu Thi Diem Kieu', '0358045391', 'Khuong Dinh', 'tuthidiemkieu.nhom6@gmail.com'),
('0033', 'Nguyen Minh Thu', '0911566683', 'Thanh Xuan Bac', 'nguyenminhthu.nhom6@gmail.com'),
('0034', 'To Phuong Trinh', '0353596107', 'Dai Kim', 'tophuongtrinh.nhom6@gmail.com'),
('0035', 'Dang San San', '0886762710', 'Kim Giang', 'dangsansan.nhom6@gmail.com'),
('0036', 'Ngo Ngoc Hai', '0934557707', 'Mo Lao', 'ngongochai.nhom6@gmail.com'),
('0037', 'Pham Quoc Huy', '0865753019', 'Trung Van', 'phamquochuy.nhom6@gmail.com'),
('0038', 'Nguyen Nguyen Minh', '0852421003', 'Lang Thuong', 'nguyennguyenminh.nhom6@gmail.com'),
('0039', 'Nguyen Thai Mai Anh', '0368256752', 'Trung Tu', 'nguyenthaimaianh.nhom6@gmail.com'),
('0040', 'Le Ngoc Khanh', '0330339998', 'Dich Vong Hau', 'lengockhanh.nhom6@gmail.com'),
('0041', 'Bui Tien Dat', '0582908359', 'Kim Giang', 'buitiendat.nhom6@gmail.com'),
('0042', 'Nguyen Thi Le Hang', '0971090521', 'Mo Lao', 'nguyenthilehang.nhom6@gmail.com'),
('0043', 'Nguyen Ngoc Doan Trang', '0979595696', 'Lang Ha', 'nguyenngocdoantrang.nhom6@gmail.com'),
('0044', 'Nguyen Duc Khoi', '0838688606', 'Trung Hoa', 'nguyenduckhoi.nhom6@gmail.com'),
('0045', 'Nguyen Van Viet', '0987066288', 'Thanh Xuan Trung', 'nguyenvanviet.nhom6@gmail.com'),
('0046', 'Mai Hoang Yen', '0386890169', 'Trung Kinh', 'maihoangyen.nhom6@gmail.com'),
('0047', 'Le Thi Thuy Linh', '0947763705', 'Khuong Mai', 'lethithuylinh.nhom6@gmail.com'),
('0048', 'Nguyen Dac Bac', '0373238344', 'Dai Kim', 'nguyendacbac.nhom6@gmail.com'),
('0049', 'Khuong Thi Thuy Dung', '0965829432', 'Kim Giang', 'khuongthithuydung.nhom6@gmail.com'),
('0050', 'Phung Phuong Anh', '0358691140', 'My Dinh', 'phungphuonganh.nhom6@gmail.com'),
('0051', 'Nguyen Thi Le', '0916710689', 'Lang Ha', 'nguyenthile.nhom6@gmail.com'),
('0052', 'Bui Thu An', '0965173808', 'Trung Hoa', 'buithuan.nhom6@gmail.com'),
('0053', 'Tran Hai Quynh Duong', '0912681202', 'Kim Lien', 'tranhaiquynhduong.nhom6@gmail.com'),
('0054', 'Tran Thi Huong Giang', '0971397228', 'Trung Tu', 'tranthihuonggiang.nhom6@gmail.com'),
('0055', 'Tran Thu Thao', '0868481296', 'Lang Thuong', 'tranthuthao.nhom6@gmail.com'),
('0056', 'Nguyen Thao Hien', '0388283039', 'Trung Kinh', 'nguyenthaohien.nhom6@gmail.com'),
('0057', 'Nguyen Thi Minh Anh', '0838623746', 'Thanh Xuan Trung', 'nguyenthiminhanh.nhom6@gmail.com'),
('0058', 'Nguyen Le Quyen', '0866732415', 'Dich Vong', 'nguyenlequyen.nhom6@gmail.com'),
('0059', 'Khong Thuy Vy', '0338091604', 'Trung Van', 'khongthuyvy.nhom6@gmail.com'),
('0060', 'Tran Huu Quan', '0961251206', 'Khuong Dinh', 'tranhuuquan.nhom6@gmail.com'),
('0061', 'Hoang Yen Chi', '0358583520', 'Lang Ha', 'hoangyenchi.nhom6@gmail.com'),
('0062', 'Ha Thi Lieu', '0825313896', 'Trung Hoa', 'hathilieu.nhom6@gmail.com'),
('0063', 'Nguyen Phuong Thao', '0396678728', 'Mo Lao', 'nguyenphuongthao.nhom6@gmail.com'),
('0064', 'Dau Thanh Nhan', '0961040119', 'Trung Tu', 'dauthanhnan.nhom6@gmail.com'),
('0065', 'Vo Phuong Nhi', '0987882405', 'Dai Kim', 'vophuongnhi.nhom6@gmail.com'),
('0066', 'Tran Minh Anh', '0389656903', 'Trung Van', 'tranminhanh.nhom6@gmail.com'),
('0067', 'Nguyen Le Viet Anh', '0976652836', 'Lang Thuong', 'nguyenlevietanh.nhom6@gmail.com'),
('0068', 'Le Thi Quynh Anh', '0963258133', 'Thanh Xuan Bac', 'lethiquynhanh.nhom6@gmail.com'),
('0069', 'Nguyen Hai Duong', '0938843528', 'Khuong Dinh', 'nguyenhaidương.nhom6@gmail.com'),
('0070', 'Luong Sy Tai', '0978421572', 'Trung Hoa', 'luongsytai.nhom6@gmail.com'),
('0071', 'Vuong Thi Tung Chi', '0916698742', 'My Dinh', 'vuongthitungchi.nhom6@gmail.com'),
('0072', 'Duong Gia Huy', '0393247655', 'Trung Kinh', 'duonggiahuy.nhom6@gmail.com'),
('0073', 'Nguyen Ho Anh Thu', '0388690869', 'Lang Ha', 'nguyenhoanhthu.nhom6@gmail.com'),
('0074', 'Le Thi Thu Ha', '0936836985', 'Kim Giang', 'lethithuha.nhom6@gmail.com'),
('0075', 'Nguyen Thi Lan Huong', '0358691141', 'Mo Lao', 'nguyenthilanhuong.nhom6@gmail.com'),
('0076', 'Trieu Thi Khanh Hoa', '0916710685', 'Trung Hoa', 'trieuthikhanhhoa.nhom6@gmail.com'),
('0077', 'Nguyen Hai Linh', '0386890168', 'Trung Kinh', 'nguyenhailinh.nhom6@gmail.com'),
('0078', 'Nguyen An Quyen', '0947763702', 'Lang Thuong', 'nguyenanquyen.nhom6@gmail.com'),
('0079', 'Ngo Thi Hoan', '0373238341', 'Dai Kim', 'ngothihoan.nhom6@gmail.com'),
('0080', 'Le Thi Trang', '0965829431', 'Trung Van', 'lethitrang.nhom6@gmail.com'),
('0081', 'Le Minh Thien', '0358691137', 'My Dinh', 'leminhthien.nhom6@gmail.com'),
('0082', 'Tran Van Viet', '0916710687', 'Khuong Mai', 'tranvanviet.nhom6@gmail.com'),
('0083', 'Do Thi Phuong Anh', '0386890172', 'Trung Hoa', 'dothiphuonganh.nhom6@gmail.com'),
('0084', 'Hoang Thi Lien', '0947763703', 'Lang Ha', 'hoangthilien.nhom6@gmail.com'),
('0085', 'Nguyen Thi Ngoc Ha', '0373238343', 'Trung Tu', 'nguyenthingocha.nhom6@gmail.com'),
('0086', 'Nguyen Van Ma', '0965829435', 'Mo Lao', 'nguyenvanma.nhom6@gmail.com'),
('0087', 'Le Thanh Cong', '0358691144', 'Dich Vong', 'lethanhcong.nhom6@gmail.com'),
('0088', 'Le Tran Bao Chan', '0916710683', 'Trung Van', 'letranbaochan.nhom6@gmail.com'),
('0089', 'Truong Thi Hong Giang', '0386890171', 'My Dinh', 'truongthihonggiang.nhom6@gmail.com'),
('0090', 'Vu Khanh Huyen', '0947763709', 'Lang Ha', 'vukhanhhuyen.nhom6@gmail.com'),
('0091', 'Nguyen Thi Dieu Linh', '0373238342', 'Trung Hoa', 'nguyenthidieulinh.nhom6@gmail.com'),
('0092', 'Nguyen Thi Thu Huyen', '0965829430', 'Trung Tu', 'nguyenthithuhuyen.nhom6@gmail.com'),
('0093', 'Do Minh Thang', '0358691135', 'Khuong Dinh', 'dominhtang.nhom6@gmail.com'),
('0094', 'Luong Yen Nhi', '0916710699', 'Trung Van', 'luongyennhi.nhom6@gmail.com'),
('0095', 'Nong Thi Nguyet Anh', '0386890165', 'Dich Vong Hau', 'nongthinguyetanh.nhom6@gmail.com'),
('0096', 'Tran Phuong Anh', '0947763708', 'Kim Lien', 'tranphuonganh.nhom6@gmail.com'),
('0097', 'Vuong Khanh Bang', '0373238348', 'Mo Lao', 'vuongkhanhbang.nhom6@gmail.com'),
('0098', 'Thai Ngoc Han', '0965829438', 'My Dinh', 'thaingochan.nhom6@gmail.com'),
('0099', 'Luu Thanh Trang', '0358691139', 'Trung Tu', 'luuthanhtrang.nhom6@gmail.com'),
('0100', 'Nguyen Thi Oanh', '0916710681', 'Lang Ha', 'nguyenthioanh.nhom6@gmail.com');

INSERT INTO Employee(id, name, position, salary, phone, email, hire_date, address) VALUES
('TS01', 'Nguyen Khanh', 'Store Manager', 80000.00, '0981010101', 'n.khanh@techshop.com', '2020-01-15', 'Nguyen Van Cu'),
('TS02', 'Le Van Hung', 'Sales Expert', 45000.00, '0982020202', 'l.hung@techshop.com', '2021-05-20', 'Le Lai'),
('TS03', 'Pham Thi Mai', 'Logistics Coordinator', 35000.00, '0983030303', 'p.mai@techshop.com', '2022-11-01', 'Ton Duc Thang'),
('TS04', 'Tran Quoc Viet', 'Sales Expert', 45000.00, '0984040404', 't.viet@techshop.com', '2023-03-10', 'Hoang Hoa Tham'),
('TS05', 'Doan Minh Hieu', 'Technical Support', 38000.00, '0985050505', 'd.hieu@techshop.com', '2023-07-25', 'Quang Trung'),
('TS06', 'Kieu Anh', 'Inventory Specialist', 36000.00, '0986060606', 'k.anh@techshop.com', '2024-01-01', 'Cao Thang'),
('TS07', 'Huynh Tuan', 'Sales Expert', 48000.00, '0987070707', 'h.tuan@techshop.com', '2024-05-18', 'Vo Thi Sau'),
('TS08', 'Anh Thư', 'Marketing Analyst', 50000.00, '0988080808', 'a.thu@techshop.com', '2023-10-10', 'Dinh Tien Hoang'),
('TS09', 'Bảo An', 'Sales Expert', 42000.00, '0989090909', 'b.an@techshop.com', '2022-08-22', 'Ba Thang Hai'),
('TS10', 'Minh Nhật', 'Store Manager', 78000.00, '0981101101', 'm.nhat@techshop.com', '2019-12-01', 'Phan Chu Trinh');

INSERT INTO orders (id, order_date, status, customer_id, employee_id) VALUES
('OR0001', '2024-10-26 12:00:00', 'Completed', '0085', 'TS02'),
('OR0002', '2024-10-27 15:30:00', 'Shipped', '0012', 'TS04'),
('OR0003', '2024-10-28 09:45:00', 'Processing', '0067', 'TS07'),
('OR0004', '2024-10-29 17:00:00', 'Completed', '0005', 'TS09'),
('OR0005', '2024-10-30 11:20:00', 'Completed', '0085', 'TS02'),
('OR0006', '2024-10-31 16:40:00', 'Shipped', '0012', 'TS04'),
('OR0007', '2024-11-01 08:30:00', 'Completed', '0033', 'TS07'),
('OR0008', '2024-11-02 14:00:00', 'Processing', '0091', 'TS09'),
('OR0009', '2024-11-03 10:10:00', 'Completed', '0067', 'TS02'),
('OR0010', '2024-11-04 18:50:00', 'Completed', '0040', 'TS04'),
('OR0011', '2024-11-05 12:35:00', 'Shipped', '0055', 'TS07'),
('OR0012', '2024-11-06 15:55:00', 'Completed', '0012', 'TS09'),
('OR0013', '2024-11-07 09:20:00', 'Completed', '0033', 'TS02'),
('OR0014', '2024-11-08 17:15:00', 'Processing', '0028', 'TS04'),
('OR0015', '2024-11-09 11:40:00', 'Completed', '0071', 'TS07'),
('OR0016', '2024-11-10 16:10:00', 'Completed', '0040', 'TS09'),
('OR0017', '2024-11-11 08:50:00', 'Shipped', '0012', 'TS02'),
('OR0018', '2024-11-12 14:25:00', 'Completed', '0055', 'TS04'),
('OR0019', '2024-11-13 10:45:00', 'Processing', '0085', 'TS07'),
('OR0020', '2024-11-14 19:05:00', 'Completed', '0091', 'TS09'),
('OR0021', '2024-11-15 12:15:00', 'Completed', '0005', 'TS02'),
('OR0022', '2024-11-16 15:45:00', 'Shipped', '0033', 'TS04'),
('OR0023', '2024-11-17 09:30:00', 'Completed', '0071', 'TS07'),
('OR0024', '2024-11-18 17:05:00', 'Processing', '0028', 'TS09'),
('OR0025', '2024-11-19 11:15:00', 'Completed', '0040', 'TS02'),
('OR0026', '2024-11-20 16:30:00', 'Completed', '0067', 'TS04'),
('OR0027', '2024-11-21 08:40:00', 'Shipped', '0091', 'TS07'),
('OR0028', '2024-11-22 14:10:00', 'Completed', '0005', 'TS09'),
('OR0029', '2024-11-23 10:20:00', 'Processing', '0055', 'TS02'),
('OR0030', '2024-11-24 18:00:00', 'Completed', '0071', 'TS04'),
('OR0031', '2024-11-25 12:45:00', 'Completed', '0028', 'TS07'),
('OR0032', '2024-11-26 15:00:00', 'Shipped', '0033', 'TS09'),
('OR0033', '2024-11-27 09:50:00', 'Completed', '0085', 'TS02'),
('OR0034', '2024-11-28 17:25:00', 'Completed', '0040', 'TS04'),
('OR0035', '2024-11-29 11:30:00', 'Processing', '0012', 'TS07'),
('OR0036', '2024-11-30 16:55:00', 'Completed', '0067', 'TS09'),
('OR0037', '2024-12-01 08:25:00', 'Shipped', '0091', 'TS02'),
('OR0038', '2024-12-02 14:40:00', 'Completed', '0005', 'TS04'),
('OR0039', '2024-12-03 10:05:00', 'Completed', '0055', 'TS07'),
('OR0040', '2024-12-04 19:15:00', 'Processing', '0071', 'TS09'),
('OR0041', '2024-12-05 12:20:00', 'Completed', '0028', 'TS02'),
('OR0042', '2024-12-06 15:35:00', 'Shipped', '0033', 'TS04'),
('OR0043', '2024-12-07 09:00:00', 'Completed', '0085', 'TS07'),
('OR0044', '2024-12-08 17:30:00', 'Completed', '0040', 'TS09'),
('OR0045', '2024-12-09 11:05:00', 'Processing', '0012', 'TS02'),
('OR0046', '2024-12-10 16:20:00', 'Completed', '0067', 'TS04'),
('OR0047', '2024-12-11 08:15:00', 'Shipped', '0091', 'TS07'),
('OR0048', '2024-12-12 14:50:00', 'Completed', '0005', 'TS09'),
('OR0049', '2024-12-13 10:55:00', 'Completed', '0055', 'TS02'),
('OR0050', '2024-12-14 18:45:00', 'Processing', '0071', 'TS04'),
('OR0051', '2024-12-15 12:55:00', 'Completed', '0028', 'TS07'),
('OR0052', '2024-12-16 15:10:00', 'Shipped', '0033', 'TS09'),
('OR0053', '2024-12-17 09:05:00', 'Completed', '0085', 'TS02'),
('OR0054', '2024-12-18 17:40:00', 'Completed', '0040', 'TS04'),
('OR0055', '2024-12-19 11:50:00', 'Processing', '0012', 'TS07'),
('OR0056', '2024-12-20 16:05:00', 'Completed', '0067', 'TS09'),
('OR0057', '2024-12-21 08:05:00', 'Shipped', '0091', 'TS02'),
('OR0058', '2024-12-22 14:15:00', 'Completed', '0005', 'TS04'),
('OR0059', '2024-12-23 10:25:00', 'Completed', '0055', 'TS07'),
('OR0060', '2024-12-24 19:30:00', 'Processing', '0071', 'TS09'),
('OR0061', '2024-12-25 12:40:00', 'Completed', '0028', 'TS02'),
('OR0062', '2024-12-26 15:50:00', 'Shipped', '0033', 'TS04'),
('OR0063', '2024-12-27 09:10:00', 'Completed', '0085', 'TS07'),
('OR0064', '2024-12-28 17:50:00', 'Completed', '0040', 'TS09'),
('OR0065', '2024-12-29 11:00:00', 'Processing', '0012', 'TS02'),
('OR0066', '2024-12-30 16:15:00', 'Completed', '0067', 'TS04'),
('OR0067', '2024-12-31 08:35:00', 'Shipped', '0091', 'TS07'),
('OR0068', '2025-01-01 14:05:00', 'Completed', '0005', 'TS09'),
('OR0069', '2025-01-02 10:30:00', 'Processing', '0055', 'TS02'),
('OR0070', '2025-01-03 18:20:00', 'Completed', '0071', 'TS04'),
('OR0071', '2025-01-04 12:05:00', 'Completed', '0028', 'TS07'),
('OR0072', '2025-01-05 15:20:00', 'Shipped', '0033', 'TS09'),
('OR0073', '2025-01-06 09:35:00', 'Completed', '0085', 'TS02'),
('OR0074', '2025-01-07 17:10:00', 'Processing', '0040', 'TS04'),
('OR0075', '2025-01-08 11:45:00', 'Completed', '0012', 'TS07'),
('OR0076', '2025-01-09 16:00:00', 'Completed', '0067', 'TS09'),
('OR0077', '2025-01-10 08:55:00', 'Shipped', '0091', 'TS02'),
('OR0078', '2025-01-11 14:30:00', 'Completed', '0005', 'TS04'),
('OR0079', '2025-01-12 10:50:00', 'Completed', '0055', 'TS07'),
('OR0080', '2025-01-13 19:00:00', 'Processing', '0071', 'TS09'),
('OR0081', '2025-01-14 12:25:00', 'Completed', '0028', 'TS02'),
('OR0082', '2025-01-15 15:40:00', 'Shipped', '0033', 'TS04'),
('OR0083', '2025-01-16 09:15:00', 'Completed', '0085', 'TS07'),
('OR0084', '2025-01-17 17:00:00', 'Completed', '0040', 'TS09'),
('OR0085', '2025-01-18 11:05:00', 'Processing', '0012', 'TS02'),
('OR0086', '2025-01-19 16:25:00', 'Completed', '0067', 'TS04'),
('OR0087', '2025-01-20 08:40:00', 'Shipped', '0091', 'TS07'),
('OR0088', '2025-01-21 14:15:00', 'Completed', '0005', 'TS09'),
('OR0089', '2025-01-22 10:20:00', 'Completed', '0055', 'TS02'),
('OR0090', '2025-01-23 18:10:00', 'Processing', '0071', 'TS04'),
('OR0091', '2025-01-24 12:50:00', 'Completed', '0028', 'TS07'),
('OR0092', '2025-01-25 15:05:00', 'Shipped', '0033', 'TS09'),
('OR0093', '2025-01-26 09:55:00', 'Completed', '0085', 'TS02'),
('OR0094', '2025-01-27 17:30:00', 'Completed', '0040', 'TS04'),
('OR0095', '2025-01-28 11:35:00', 'Processing', '0012', 'TS07'),
('OR0096', '2025-01-29 16:50:00', 'Completed', '0067', 'TS09'),
('OR0097', '2025-01-30 08:30:00', 'Shipped', '0091', 'TS02'),
('OR0098', '2025-01-31 14:45:00', 'Completed', '0005', 'TS04'),
('OR0099', '2025-02-01 10:15:00', 'Completed', '0055', 'TS07'),
('OR0100', '2025-02-02 19:20:00', 'Processing', '0071', 'TS09'),
('OR0101', '2025-02-03 12:00:00', 'Completed', '0028', 'TS02'),
('OR0102', '2025-02-04 15:15:00', 'Shipped', '0033', 'TS04'),
('OR0103', '2025-02-05 09:25:00', 'Completed', '0085', 'TS07'),
('OR0104', '2025-02-06 17:05:00', 'Completed', '0040', 'TS09'),
('OR0105', '2025-02-07 11:10:00', 'Processing', '0012', 'TS02'),
('OR0106', '2025-02-08 16:30:00', 'Completed', '0067', 'TS04'),
('OR0107', '2025-02-09 08:50:00', 'Shipped', '0091', 'TS07'),
('OR0108', '2025-02-10 14:20:00', 'Completed', '0005', 'TS09'),
('OR0109', '2025-02-11 10:40:00', 'Completed', '0055', 'TS02'),
('OR0110', '2025-02-12 18:30:00', 'Processing', '0071', 'TS04'),
('OR0111', '2025-02-13 12:35:00', 'Completed', '0028', 'TS07'),
('OR0112', '2025-02-14 15:50:00', 'Shipped', '0033', 'TS09'),
('OR0113', '2025-02-15 09:00:00', 'Completed', '0085', 'TS02'),
('OR0114', '2025-02-16 17:15:00', 'Completed', '0040', 'TS04'),
('OR0115', '2025-02-17 11:55:00', 'Processing', '0012', 'TS07'),
('OR0116', '2025-02-18 16:00:00', 'Completed', '0067', 'TS09'),
('OR0117', '2025-02-19 08:00:00', 'Shipped', '0091', 'TS02'),
('OR0118', '2025-02-20 14:30:00', 'Completed', '0005', 'TS04'),
('OR0119', '2025-02-21 10:10:00', 'Completed', '0055', 'TS07'),
('OR0120', '2025-02-22 19:40:00', 'Processing', '0071', 'TS09'),
('OR0121', '2025-02-23 12:20:00', 'Completed', '0028', 'TS02'),
('OR0122', '2025-02-24 15:40:00', 'Shipped', '0033', 'TS04'),
('OR0123', '2025-02-25 09:30:00', 'Completed', '0085', 'TS07'),
('OR0124', '2025-02-26 17:20:00', 'Completed', '0040', 'TS09'),
('OR0125', '2025-02-27 11:00:00', 'Processing', '0012', 'TS02'),
('OR0126', '2025-02-28 16:40:00', 'Completed', '0067', 'TS04'),
('OR0127', '2025-03-01 08:10:00', 'Shipped', '0091', 'TS07'),
('OR0128', '2025-03-02 14:55:00', 'Completed', '0005', 'TS09'),
('OR0129', '2025-03-03 10:50:00', 'Completed', '0055', 'TS02'),
('OR0130', '2025-03-04 18:05:00', 'Processing', '0071', 'TS04'),
('OR0131', '2025-03-05 12:50:00', 'Completed', '0028', 'TS07'),
('OR0132', '2025-03-06 15:05:00', 'Shipped', '0033', 'TS09'),
('OR0133', '2025-03-07 09:40:00', 'Completed', '0085', 'TS02'),
('OR0134', '2025-03-08 17:35:00', 'Completed', '0040', 'TS04'),
('OR0135', '2025-03-09 11:25:00', 'Processing', '0012', 'TS07'),
('OR0136', '2025-03-10 16:50:00', 'Completed', '0067', 'TS09'),
('OR0137', '2025-03-11 08:20:00', 'Shipped', '0091', 'TS02'),
('OR0138', '2025-03-12 14:10:00', 'Completed', '0005', 'TS04'),
('OR0139', '2025-03-13 10:35:00', 'Completed', '0055', 'TS07'),
('OR0140', '2025-03-14 19:10:00', 'Processing', '0071', 'TS09'),
('OR0141', '2025-03-15 12:45:00', 'Completed', '0028', 'TS02'),
('OR0142', '2025-03-16 15:00:00', 'Shipped', '0033', 'TS04'),
('OR0143', '2025-03-17 09:50:00', 'Completed', '0085', 'TS07'),
('OR0144', '2025-03-18 17:25:00', 'Completed', '0040', 'TS09'),
('OR0145', '2025-03-19 11:30:00', 'Processing', '0012', 'TS02'),
('OR0146', '2025-03-20 16:55:00', 'Completed', '0067', 'TS04'),
('OR0147', '2025-03-21 08:25:00', 'Shipped', '0091', 'TS07'),
('OR0148', '2025-03-22 14:40:00', 'Completed', '0005', 'TS09'),
('OR0149', '2025-03-23 10:05:00', 'Completed', '0055', 'TS02'),
('OR0150', '2025-03-24 19:15:00', 'Processing', '0071', 'TS04');

INSERT INTO product (id, name, price, quantity, description, category_id) VALUES
('PRO001', 'iPhone 16 Pro Max 512GB', 1299.00, 50, 'Flagship iOS mới nhất', 'CATE01'),
('PRO002', 'Samsung Galaxy S25 Ultra', 1199.00, 45, 'Android cao cấp nhất', 'CATE01'),
('PRO003', 'Xiaomi 15 Pro', 899.00, 60, 'Điện thoại chụp ảnh hàng đầu', 'CATE01'),
('PRO004', 'OPPO Find X8', 750.00, 70, 'Thiết kế đẹp, sạc nhanh', 'CATE01'),
('PRO005', 'Google Pixel 9', 850.00, 35, 'Trải nghiệm Android thuần khiết', 'CATE01'),
('PRO006', 'iPhone SE (Gen 4)', 450.00, 80, 'Giá phải chăng, hiệu năng mạnh', 'CATE01'),
('PRO007', 'Samsung Galaxy A56', 350.00, 120, 'Điện thoại tầm trung bán chạy', 'CATE01'),
('PRO008', 'Nokia G50 5G', 250.00, 90, 'Pin trâu, bền bỉ', 'CATE01'),
('PRO009', 'Realme GT Neo 6', 550.00, 40, 'Hiệu năng cao, giá tốt', 'CATE01'),
('PRO010', 'Motorola Edge 40', 600.00, 30, 'Thiết kế cong, độc đáo', 'CATE01'),

('PRO011', 'iPad Pro M4 13 inch', 1599.00, 20, 'Máy tính bảng mạnh nhất', 'CATE02'),
('PRO012', 'Samsung Galaxy Tab S10 Ultra', 1050.00, 25, 'Màn hình lớn, bút S Pen', 'CATE02'),
('PRO013', 'Lenovo Tab P12', 450.00, 35, 'Tablet giải trí, giá tốt', 'CATE02'),
('PRO014', 'Microsoft Surface Go 4', 599.00, 15, 'Windows di động', 'CATE02'),
('PRO015', 'Xiaomi Pad 7', 399.00, 40, 'Hiệu năng tốt trong tầm giá', 'CATE02'),
('PRO016', 'Amazon Fire HD 10', 199.00, 50, 'Giá rẻ, cơ bản', 'CATE02'),
('PRO017', 'iPad Air (M2)', 799.00, 30, 'Mạnh mẽ, gọn nhẹ', 'CATE02'),
('PRO018', 'Samsung Galaxy Tab A9', 250.00, 60, 'Tablet cơ bản cho gia đình', 'CATE02'),
('PRO019', 'Huawei MatePad Pro', 650.00, 22, 'Thiết kế mỏng, đẹp', 'CATE02'),
('PRO020', 'Google Pixel Tablet', 499.00, 18, 'Tích hợp dock sạc thông minh', 'CATE02'),

('PRO021', 'MacBook Pro 16 M4 Max', 3299.00, 8, 'Laptop hiệu năng cực cao', 'CATE03'),
('PRO022', 'Dell XPS 15 (2025)', 1899.00, 12, 'Thiết kế đẹp, màn hình 4K', 'CATE03'),
('PRO023', 'HP Spectre x360 14', 1450.00, 15, 'Màn hình gập 2-in-1', 'CATE03'),
('PRO024', 'Asus ROG Zephyrus G16', 1999.00, 10, 'Laptop Gaming mỏng nhẹ', 'CATE03'),
('PRO025', 'Lenovo ThinkPad X1 Carbon Gen 12', 1750.00, 14, 'Laptop doanh nhân bền bỉ', 'CATE03'),
('PRO026', 'Acer Swift Edge 16', 999.00, 20, 'Màn hình OLED, mỏng nhẹ', 'CATE03'),
('PRO027', 'Microsoft Surface Laptop 6', 1350.00, 11, 'Thiết kế sang trọng, tối ưu', 'CATE03'),
('PRO028', 'MacBook Air M3 13 inch', 999.00, 25, 'Pin trâu, hiệu năng ổn định', 'CATE03'),
('PRO029', 'HP Pavilion 15', 750.00, 30, 'Laptop văn phòng cơ bản', 'CATE03'),
('PRO030', 'Dell Inspiron 14', 650.00, 18, 'Giá rẻ, cấu hình đủ dùng', 'CATE03'),

('PRO031', 'Tai nghe Sony WH-1000XM6', 399.00, 80, 'Chống ồn tốt nhất', 'CATE04'),
('PRO032', 'Loa Bluetooth JBL Boombox 3', 450.00, 45, 'Âm thanh lớn, pin khỏe', 'CATE04'),
('PRO033', 'Apple AirPods Pro 3', 249.00, 150, 'Tai nghe không dây TWS', 'CATE04'),
('PRO034', 'Loa Soundbar Samsung HW-Q990D', 1200.00, 15, 'Hệ thống âm thanh 11.1.4', 'CATE04'),
('PRO035', 'Tai nghe Sennheiser Momentum 4', 350.00, 60, 'Chất âm trung thực', 'CATE04'),
('PRO036', 'Loa Marshall Stanmore III', 400.00, 30, 'Thiết kế cổ điển, âm thanh mạnh', 'CATE04'),
('PRO037', 'Tai nghe Bose QuietComfort Ultra', 420.00, 70, 'Thoải mái và chống ồn', 'CATE04'),
('PRO038', 'Loa Karaoke Acnos CS450', 550.00, 25, 'Loa karaoke di động', 'CATE04'),
('PRO039', 'Tai nghe Gaming HyperX Cloud Alpha', 99.00, 100, 'Micro khử ồn tốt', 'CATE04'),
('PRO040', 'DAC/Amp Fiio K7', 200.00, 50, 'Thiết bị giải mã âm thanh', 'CATE04'),

('PRO041', 'Apple Watch Series 10 Titanium', 999.00, 30, 'Vỏ Titanium, GPS+Cellular', 'CATE05'),
('PRO042', 'Samsung Galaxy Watch 7 Pro', 499.00, 45, 'Đồng hồ Android, pin trâu', 'CATE05'),
('PRO043', 'Garmin Fenix 8 Solar', 850.00, 20, 'Đồng hồ thể thao cao cấp', 'CATE05'),
('PRO044', 'Xiaomi Watch S3', 150.00, 70, 'Giá tốt, nhiều tính năng', 'CATE05'),
('PRO045', 'Huawei Watch GT 5', 299.00, 50, 'Pin lâu, thiết kế sang trọng', 'CATE05'),
('PRO046', 'Amazfit GTR 4', 199.00, 60, 'Thời trang, theo dõi sức khỏe', 'CATE05'),
('PRO047', 'Casio G-Shock GSW-H1000', 350.00, 15, 'Chịu lực tốt, Wear OS', 'CATE05'),
('PRO048', 'Fitbit Charge 7', 170.00, 80, 'Vòng đeo tay theo dõi cơ bản', 'CATE05'),
('PRO049', 'Oppo Watch 4', 250.00, 35, 'Thiết kế vuông hiện đại', 'CATE05'),
('PRO050', 'Fossil Gen 7 Smartwatch', 299.00, 25, 'Thời trang, Wear OS', 'CATE05'),

('PRO051', 'Sony Alpha A7R VI', 3999.00, 5, 'Máy ảnh Full-frame độ phân giải cao', 'CATE06'),
('PRO052', 'Canon EOS R7', 1500.00, 10, 'Máy ảnh Crop Sensor đa dụng', 'CATE06'),
('PRO053', 'DJI Mavic 4 Pro Drone', 1899.00, 7, 'Flycam chuyên nghiệp 4K', 'CATE06'),
('PRO054', 'GoPro Hero 14 Black', 499.00, 30, 'Camera hành trình chống nước', 'CATE06'),
('PRO055', 'Ống kính Sony FE 24-70mm GM II', 2200.00, 8, 'Ống kính đa năng cao cấp', 'CATE06'),
('PRO056', 'Máy ảnh Fujifilm X-T6', 1600.00, 12, 'Máy ảnh Mirrorless phong cách cổ điển', 'CATE06'),
('PRO057', 'Canon PowerShot G7 X Mark IV', 750.00, 18, 'Máy ảnh du lịch nhỏ gọn', 'CATE06'),
('PRO058', 'Microphone Rode VideoMic Pro+', 299.00, 25, 'Micro thu âm chất lượng cao', 'CATE06'),
('PRO059', 'Gimbal DJI RS 4 Pro', 899.00, 10, 'Chống rung chuyên nghiệp', 'CATE06'),
('PRO060', 'Thẻ nhớ SanDisk Extreme Pro 128GB', 50.00, 100, 'Tốc độ cao cho video 8K', 'CATE06'),

('PRO061', 'Nồi chiên không dầu Philips XXL', 250.00, 50, 'Dung tích lớn, công nghệ Rapid Air', 'CATE07'),
('PRO062', 'Robot hút bụi Ecovacs Deebot X2 OMNI', 999.00, 20, 'Tự động giặt giẻ, lau dọn thông minh', 'CATE07'),
('PRO063', 'Máy pha cà phê Delonghi Dedica', 350.00, 30, 'Pha espresso, thiết kế nhỏ gọn', 'CATE07'),
('PRO064', 'Bếp từ đôi Bosch PID651', 1100.00, 15, 'Bếp từ công suất cao', 'CATE07'),
('PRO065', 'Máy lọc không khí Xiaomi 4 Pro', 180.00, 60, 'Lọc bụi mịn PM2.5', 'CATE07'),
('PRO066', 'Máy ép chậm Hurom H-AI', 450.00, 25, 'Giữ lại tối đa vitamin', 'CATE07'),
('PRO067', 'Nồi cơm điện tử Zojirushi 1.8L', 150.00, 40, 'Nấu cơm ngon, giữ ấm lâu', 'CATE07'),
('PRO068', 'Máy sấy tóc Dyson Supersonic', 400.00, 18, 'Sấy tóc nhanh, bảo vệ tóc', 'CATE07'),
('PRO069', 'Bàn ủi hơi nước Philips', 80.00, 70, 'Công suất lớn, chống dính', 'CATE07'),
('PRO070', 'Máy xay sinh tố Braun PowerBlend 9', 120.00, 55, 'Lưỡi dao sắc bén', 'CATE07'),

('PRO071', 'Hub USB-C Aukey 8-in-1', 45.00, 200, 'Mở rộng cổng kết nối', 'CATE08'),
('PRO072', 'Sạc nhanh Anker 100W GaN', 65.00, 150, 'Sạc đa cổng tốc độ cao', 'CATE08'),
('PRO073', 'Bàn phím cơ Logitech G Pro', 149.00, 80, 'Phản hồi nhanh, đèn RGB', 'CATE08'),
('PRO074', 'Cáp sạc MFI Lightning 2m', 20.00, 300, 'Cáp chính hãng Apple', 'CATE08'),
('PRO075', 'Miếng dán bảo vệ màn hình iPhone 16', 15.00, 500, 'Kính cường lực', 'CATE08'),
('PRO076', 'Balo chống sốc Laptop 15.6"', 70.00, 100, 'Balo đựng laptop', 'CATE08'),
('PRO077', 'Webcam Logitech C922 Pro', 85.00, 90, 'Webcam Full HD 1080p', 'CATE08'),
('PRO078', 'Bộ phát Wi-Fi TP-Link AX3000', 95.00, 60, 'Wi-Fi 6 tốc độ cao', 'CATE08'),
('PRO079', 'Ổ cắm điện đa năng Xiaomi', 30.00, 120, 'Ổ cắm có cổng USB', 'CATE08'),
('PRO080', 'Pin sạc dự phòng Samsung 20000mAh', 60.00, 110, 'Sạc nhanh 45W', 'CATE08'),

('PRO081', 'Màn hình LG UltraGear 34 inch OLED', 1199.00, 15, 'Màn hình cong gaming', 'CATE09'),
('PRO082', 'PC All-in-One Dell Inspiron 27', 999.00, 18, 'Máy tính tích hợp màn hình', 'CATE09'),
('PRO083', 'Card màn hình RTX 5080 (Founder)', 1800.00, 10, 'Card đồ họa hiệu năng cao', 'CATE09'),
('PRO084', 'CPU Intel Core i9-15900K', 650.00, 25, 'Bộ vi xử lý mới nhất', 'CATE09'),
('PRO085', 'Màn hình Samsung M8 Smart Monitor', 499.00, 30, 'Màn hình thông minh tích hợp TV', 'CATE09'),
('PRO086', 'Ổ cứng SSD Samsung 990 Pro 2TB', 180.00, 40, 'Ổ cứng tốc độ cao', 'CATE09'),
('PRO087', 'RAM Corsair Vengeance 32GB DDR5', 150.00, 50, 'Bộ nhớ RAM', 'CATE09'),
('PRO088', 'Case PC NZXT H7 Flow', 130.00, 28, 'Vỏ case máy tính', 'CATE09'),
('PRO089', 'Mainboard Asus ROG Maximus Z890', 550.00, 12, 'Bo mạch chủ cao cấp', 'CATE09'),
('PRO090', 'Máy tính Mini PC Intel NUC', 400.00, 22, 'Máy tính siêu nhỏ gọn', 'CATE09'),

('PRO091', 'Tủ lạnh Samsung Side-by-Side 600L', 1599.00, 10, 'Tủ lạnh dung tích lớn', 'CATE10'),
('PRO092', 'Máy giặt LG AI Inverter 12kg', 850.00, 15, 'Máy giặt cửa trước thông minh', 'CATE10'),
('PRO093', 'Máy sấy quần áo Electrolux', 700.00, 12, 'Công nghệ sấy bơm nhiệt', 'CATE10'),
('PRO094', 'Điều hòa Daikin 2.0HP Inverter', 950.00, 20, 'Máy lạnh tiết kiệm điện', 'CATE10'),
('PRO095', 'Máy rửa chén Bosch Series 8', 1300.00, 8, 'Rửa chén bằng hơi nước', 'CATE10'),
('PRO096', 'Tủ đông Sanaky 300L', 450.00, 25, 'Tủ đông thương mại', 'CATE10'),
('PRO097', 'Bình nóng lạnh Ariston 30L', 200.00, 40, 'Bình nước nóng gián tiếp', 'CATE10'),
('PRO098', 'Quạt điều hòa Kangaroo 45L', 180.00, 35, 'Quạt làm mát không khí', 'CATE10'),
('PRO099', 'Máy hút mùi bếp Hafele', 350.00, 18, 'Hút khói công suất lớn', 'CATE10'),
('PRO100', 'Bếp điện từ đơn Kangaroo', 90.00, 50, 'Bếp từ mini di động', 'CATE10');

INSERT INTO order_detail (order_id, product_id, quantity, price) VALUES
('OR0001', 'PRO021', 1, 3299.00),
('OR0001', 'PRO072', 1, 65.00),
('OR0002', 'PRO011', 1, 1599.00),
('OR0002', 'PRO033', 2, 249.00),
('OR0003', 'PRO083', 1, 1800.00),
('OR0003', 'PRO081', 1, 1199.00),
('OR0004', 'PRO062', 1, 999.00),
('OR0005', 'PRO002', 1, 1199.00),
('OR0006', 'PRO054', 1, 499.00),
('OR0007', 'PRO041', 1, 999.00),
('OR0007', 'PRO071', 1, 45.00),
('OR0008', 'PRO031', 1, 399.00),
('OR0009', 'PRO092', 1, 850.00),
('OR0009', 'PRO097', 1, 200.00),
('OR0010', 'PRO003', 1, 899.00),
('OR0010', 'PRO073', 1, 149.00),
('OR0011', 'PRO024', 1, 1999.00),
('OR0012', 'PRO043', 1, 850.00),
('OR0013', 'PRO017', 1, 799.00),
('OR0013', 'PRO074', 2, 20.00),
('OR0014', 'PRO061', 1, 250.00),
('OR0015', 'PRO001', 1, 1299.00),
('OR0016', 'PRO095', 1, 1300.00),
('OR0016', 'PRO098', 1, 180.00),
('OR0017', 'PRO022', 1, 1899.00),
('OR0018', 'PRO004', 1, 750.00),
('OR0019', 'PRO052', 1, 1500.00),
('OR0019', 'PRO058', 1, 299.00),
('OR0020', 'PRO032', 1, 450.00),
('OR0020', 'PRO036', 1, 400.00),
('OR0021', 'PRO005', 1, 850.00),
('OR0021', 'PRO075', 5, 15.00),
('OR0022', 'PRO023', 1, 1450.00),
('OR0023', 'PRO091', 1, 1599.00),
('OR0023', 'PRO094', 1, 950.00),
('OR0024', 'PRO012', 1, 1050.00),
('OR0024', 'PRO076', 1, 70.00),
('OR0025', 'PRO006', 1, 450.00),
('OR0026', 'PRO063', 1, 350.00),
('OR0026', 'PRO069', 1, 80.00),
('OR0027', 'PRO053', 1, 1899.00),
('OR0027', 'PRO056', 1, 1600.00),
('OR0028', 'PRO042', 1, 499.00),
('OR0029', 'PRO082', 1, 999.00),
('OR0029', 'PRO087', 1, 150.00),
('OR0030', 'PRO034', 1, 1200.00),
('OR0031', 'PRO018', 1, 250.00),
('OR0031', 'PRO077', 1, 85.00),
('OR0032', 'PRO025', 1, 1750.00),
('OR0032', 'PRO084', 1, 650.00),
('OR0033', 'PRO007', 1, 350.00),
('OR0033', 'PRO008', 1, 250.00),
('OR0034', 'PRO064', 1, 1100.00),
('OR0034', 'PRO070', 1, 120.00),
('OR0035', 'PRO019', 1, 650.00),
('OR0035', 'PRO045', 1, 299.00),
('OR0036', 'PRO035', 1, 350.00),
('OR0037', 'PRO026', 1, 999.00),
('OR0037', 'PRO078', 1, 95.00),
('OR0038', 'PRO009', 1, 550.00),
('OR0038', 'PRO005', 1, 850.00),
('OR0039', 'PRO051', 1, 3999.00),
('OR0040', 'PRO065', 2, 180.00),
('OR0040', 'PRO067', 1, 150.00),
('OR0041', 'PRO010', 1, 600.00),
('OR0041', 'PRO050', 1, 299.00),
('OR0042', 'PRO027', 1, 1350.00),
('OR0042', 'PRO089', 1, 550.00),
('OR0043', 'PRO001', 1, 1299.00),
('OR0043', 'PRO003', 1, 899.00),
('OR0044', 'PRO096', 1, 450.00),
('OR0044', 'PRO099', 1, 350.00),
('OR0045', 'PRO016', 1, 199.00),
('OR0045', 'PRO079', 5, 30.00),
('OR0046', 'PRO037', 1, 420.00),
('OR0047', 'PRO028', 1, 999.00),
('OR0047', 'PRO080', 2, 60.00),
('OR0048', 'PRO001', 1, 1299.00),
('OR0048', 'PRO072', 1, 65.00),
('OR0049', 'PRO048', 1, 170.00),
('OR0049', 'PRO046', 1, 199.00),
('OR0050', 'PRO066', 1, 450.00),
('OR0050', 'PRO068', 1, 400.00),
('OR0051', 'PRO029', 1, 750.00),
('OR0051', 'PRO071', 1, 45.00),
('OR0052', 'PRO030', 1, 650.00),
('OR0053', 'PRO002', 1, 1199.00),
('OR0053', 'PRO074', 1, 20.00),
('OR0054', 'PRO092', 1, 850.00),
('OR0054', 'PRO094', 1, 950.00),
('OR0055', 'PRO013', 1, 450.00),
('OR0055', 'PRO015', 1, 399.00),
('OR0056', 'PRO059', 1, 899.00),
('OR0057', 'PRO026', 1, 999.00),
('OR0057', 'PRO076', 1, 70.00),
('OR0058', 'PRO006', 1, 450.00),
('OR0058', 'PRO075', 2, 15.00),
('OR0059', 'PRO047', 1, 350.00),
('OR0059', 'PRO048', 1, 170.00),
('OR0060', 'PRO038', 1, 550.00),
('OR0060', 'PRO039', 1, 99.00),
('OR0061', 'PRO018', 1, 250.00),
('OR0062', 'PRO025', 1, 1750.00),
('OR0063', 'PRO007', 1, 350.00),
('OR0063', 'PRO008', 1, 250.00),
('OR0064', 'PRO066', 1, 450.00),
('OR0064', 'PRO069', 1, 80.00),
('OR0065', 'PRO020', 1, 499.00),
('OR0065', 'PRO045', 1, 299.00),
('OR0066', 'PRO037', 1, 420.00),
('OR0067', 'PRO057', 1, 750.00),
('OR0067', 'PRO060', 1, 50.00),
('OR0068', 'PRO009', 1, 550.00),
('OR0068', 'PRO005', 1, 850.00),
('OR0069', 'PRO051', 1, 3999.00),
('OR0070', 'PRO065', 1, 180.00),
('OR0070', 'PRO067', 1, 150.00),
('OR0071', 'PRO010', 1, 600.00),
('OR0071', 'PRO050', 1, 299.00),
('OR0072', 'PRO027', 1, 1350.00),
('OR0072', 'PRO089', 1, 550.00),
('OR0073', 'PRO001', 1, 1299.00),
('OR0073', 'PRO003', 1, 899.00),
('OR0074', 'PRO096', 1, 450.00),
('OR0074', 'PRO099', 1, 350.00),
('OR0075', 'PRO016', 1, 199.00),
('OR0075', 'PRO079', 3, 30.00),
('OR0076', 'PRO037', 1, 420.00),
('OR0077', 'PRO028', 1, 999.00),
('OR0077', 'PRO080', 1, 60.00),
('OR0078', 'PRO009', 1, 550.00),
('OR0078', 'PRO072', 1, 65.00),
('OR0079', 'PRO049', 1, 250.00),
('OR0079', 'PRO046', 1, 199.00),
('OR0080', 'PRO066', 1, 450.00),
('OR0080', 'PRO068', 1, 400.00),
('OR0081', 'PRO029', 1, 750.00),
('OR0081', 'PRO071', 1, 45.00),
('OR0082', 'PRO030', 1, 650.00),
('OR0083', 'PRO002', 1, 1199.00),
('OR0083', 'PRO074', 1, 20.00),
('OR0084', 'PRO092', 1, 850.00),
('OR0084', 'PRO094', 1, 950.00),
('OR0085', 'PRO013', 1, 450.00),
('OR0085', 'PRO015', 1, 399.00),
('OR0086', 'PRO059', 1, 899.00),
('OR0087', 'PRO026', 1, 999.00),
('OR0087', 'PRO076', 1, 70.00),
('OR0088', 'PRO006', 1, 450.00),
('OR0088', 'PRO075', 2, 15.00),
('OR0089', 'PRO047', 1, 350.00),
('OR0089', 'PRO048', 1, 170.00),
('OR0090', 'PRO038', 1, 550.00),
('OR0090', 'PRO039', 1, 99.00),
('OR0091', 'PRO018', 1, 250.00),
('OR0092', 'PRO025', 1, 1750.00),
('OR0093', 'PRO007', 1, 350.00),
('OR0093', 'PRO008', 1, 250.00),
('OR0094', 'PRO066', 1, 450.00),
('OR0094', 'PRO069', 1, 80.00),
('OR0095', 'PRO020', 1, 499.00),
('OR0095', 'PRO045', 1, 299.00),
('OR0096', 'PRO037', 1, 420.00),
('OR0097', 'PRO057', 1, 750.00),
('OR0097', 'PRO060', 1, 50.00),
('OR0098', 'PRO009', 1, 550.00),
('OR0098', 'PRO005', 1, 850.00),
('OR0099', 'PRO051', 1, 3999.00),
('OR0100', 'PRO065', 1, 180.00),
('OR0100', 'PRO067', 1, 150.00),
('OR0101', 'PRO010', 1, 600.00),
('OR0101', 'PRO050', 1, 299.00),
('OR0102', 'PRO027', 1, 1350.00),
('OR0102', 'PRO089', 1, 550.00),
('OR0103', 'PRO001', 1, 1299.00),
('OR0103', 'PRO003', 1, 899.00),
('OR0104', 'PRO096', 1, 450.00),
('OR0104', 'PRO099', 1, 350.00),
('OR0105', 'PRO016', 1, 199.00),
('OR0105', 'PRO079', 3, 30.00),
('OR0106', 'PRO037', 1, 420.00),
('OR0107', 'PRO028', 1, 999.00),
('OR0107', 'PRO080', 1, 60.00),
('OR0108', 'PRO009', 1, 550.00),
('OR0108', 'PRO072', 1, 65.00),
('OR0109', 'PRO049', 1, 250.00),
('OR0109', 'PRO046', 1, 199.00),
('OR0110', 'PRO066', 1, 450.00),
('OR0110', 'PRO068', 1, 400.00),
('OR0111', 'PRO029', 1, 750.00),
('OR0111', 'PRO071', 1, 45.00),
('OR0112', 'PRO030', 1, 650.00),
('OR0113', 'PRO002', 1, 1199.00),
('OR0113', 'PRO074', 1, 20.00),
('OR0114', 'PRO092', 1, 850.00),
('OR0114', 'PRO094', 1, 950.00),
('OR0115', 'PRO013', 1, 450.00),
('OR0115', 'PRO015', 1, 399.00),
('OR0116', 'PRO059', 1, 899.00),
('OR0117', 'PRO026', 1, 999.00),
('OR0117', 'PRO076', 1, 70.00),
('OR0118', 'PRO006', 1, 450.00),
('OR0118', 'PRO075', 2, 15.00),
('OR0119', 'PRO047', 1, 350.00),
('OR0119', 'PRO048', 1, 170.00),
('OR0120', 'PRO038', 1, 550.00),
('OR0120', 'PRO039', 1, 99.00),
('OR0121', 'PRO018', 1, 250.00),
('OR0122', 'PRO025', 1, 1750.00),
('OR0123', 'PRO007', 1, 350.00),
('OR0123', 'PRO008', 1, 250.00),
('OR0124', 'PRO066', 1, 450.00),
('OR0124', 'PRO069', 1, 80.00),
('OR0125', 'PRO020', 1, 499.00),
('OR0125', 'PRO045', 1, 299.00),
('OR0126', 'PRO037', 1, 420.00),
('OR0127', 'PRO057', 1, 750.00),
('OR0127', 'PRO060', 1, 50.00),
('OR0128', 'PRO009', 1, 550.00),
('OR0128', 'PRO005', 1, 850.00),
('OR0129', 'PRO051', 1, 3999.00),
('OR0130', 'PRO065', 1, 180.00),
('OR0130', 'PRO067', 1, 150.00),
('OR0131', 'PRO010', 1, 600.00),
('OR0131', 'PRO050', 1, 299.00),
('OR0132', 'PRO027', 1, 1350.00),
('OR0132', 'PRO089', 1, 550.00),
('OR0133', 'PRO001', 1, 1299.00),
('OR0133', 'PRO003', 1, 899.00),
('OR0134', 'PRO096', 1, 450.00),
('OR0134', 'PRO099', 1, 350.00),
('OR0135', 'PRO016', 1, 199.00),
('OR0135', 'PRO079', 1, 30.00),
('OR0136', 'PRO037', 1, 420.00),
('OR0137', 'PRO028', 1, 999.00),
('OR0137', 'PRO080', 1, 60.00),
('OR0138', 'PRO009', 1, 550.00),
('OR0138', 'PRO072', 1, 65.00),
('OR0139', 'PRO049', 1, 250.00),
('OR0139', 'PRO046', 1, 199.00),
('OR0140', 'PRO066', 1, 450.00),
('OR0140', 'PRO068', 1, 400.00),
('OR0141', 'PRO029', 1, 750.00),
('OR0141', 'PRO071', 1, 45.00),
('OR0142', 'PRO030', 1, 650.00),
('OR0143', 'PRO002', 1, 1199.00),
('OR0143', 'PRO074', 1, 20.00),
('OR0144', 'PRO092', 1, 850.00),
('OR0144', 'PRO094', 1, 950.00),
('OR0145', 'PRO013', 1, 450.00),
('OR0145', 'PRO015', 1, 399.00),
('OR0146', 'PRO059', 1, 899.00),
('OR0147', 'PRO026', 1, 999.00),
('OR0147', 'PRO076', 1, 70.00),
('OR0148', 'PRO006', 1, 450.00),
('OR0148', 'PRO075', 2, 15.00),
('OR0149', 'PRO047', 1, 350.00),
('OR0149', 'PRO048', 1, 170.00),
('OR0150', 'PRO038', 1, 550.00),
('OR0150', 'PRO039', 1, 99.00);